Project-Name,Spec-File-Name,a,b,Stage,TrueSpec?,Type,Comments
commons-cli,CommandLineTest#testBuilder/stage-3-complete/output-CommandLineTest#testBuilder-00004.log,a=org.apache.commons.cli.CommandLine.addOption(Lorg/apache/commons/cli/Option;)V,b=org.apache.commons.cli.CommandLine.getOptions()[Lorg/apache/commons/cli/Option;,3,,,
commons-cli,BugsTest#test13666/stage-3-complete/output-BugsTest#test13666-00001.log,a=org.apache.commons.cli.HelpFormatter.getDescPadding()I,b=org.apache.commons.cli.HelpFormatter.getArgName()Ljava/lang/String;,3,,,
commons-cli,BugsTest#test13666/stage-3-complete/output-BugsTest#test13666-00003.log,a=org.apache.commons.cli.HelpFormatter.getDescPadding()I,b=org.apache.commons.cli.HelpFormatter.printHelp(Ljava/io/PrintWriter;ILjava/lang/String;Ljava/lang/String;Lorg/apache/commons/cli/Options;IILjava/lang/String;Z)V,3,,,
commons-cli,BugsTest#test13666/stage-3-complete/output-BugsTest#test13666-00004.log,a=org.apache.commons.cli.HelpFormatter.getDescPadding()I,b=org.apache.commons.cli.HelpFormatter.printOptions(Ljava/io/PrintWriter;ILorg/apache/commons/cli/Options;II)V,3,,,
commons-cli,BugsTest#test13666/stage-3-complete/output-BugsTest#test13666-00005.log,a=org.apache.commons.cli.HelpFormatter.getDescPadding()I,b=org.apache.commons.cli.HelpFormatter.printUsage(Ljava/io/PrintWriter;ILjava/lang/String;)V,3,,,
commons-cli,BugsTest#test13666/stage-3-complete/output-BugsTest#test13666-00006.log,a=org.apache.commons.cli.HelpFormatter.getDescPadding()I,b=org.apache.commons.cli.HelpFormatter.printWrapped(Ljava/io/PrintWriter;IILjava/lang/String;)V,3,,,
commons-cli,BugsTest#test13666/stage-3-complete/output-BugsTest#test13666-00007.log,a=org.apache.commons.cli.HelpFormatter.getDescPadding()I,b=org.apache.commons.cli.HelpFormatter.renderOptions(Ljava/lang/StringBuffer;ILorg/apache/commons/cli/Options;II)Ljava/lang/StringBuffer;,3,,,
commons-cli,BugsTest#test13666/stage-3-complete/output-BugsTest#test13666-00008.log,a=org.apache.commons.cli.HelpFormatter.getDescPadding()I,b=org.apache.commons.cli.HelpFormatter.renderWrappedTextBlock(Ljava/lang/StringBuffer;IILjava/lang/String;)Ljava/lang/Appendable;,3,,,
commons-cli,BugsTest#test13666/stage-3-complete/output-BugsTest#test13666-00009.log,a=org.apache.commons.cli.HelpFormatter.getLeftPadding()I,b=org.apache.commons.cli.HelpFormatter.getArgName()Ljava/lang/String;,3,,,
commons-cli,BugsTest#test13666/stage-3-complete/output-BugsTest#test13666-00010.log,a=org.apache.commons.cli.HelpFormatter.getLeftPadding()I,b=org.apache.commons.cli.HelpFormatter.getDescPadding()I,3,,,
commons-cli,BugsTest#test13666/stage-3-complete/output-BugsTest#test13666-00012.log,a=org.apache.commons.cli.HelpFormatter.getLeftPadding()I,b=org.apache.commons.cli.HelpFormatter.printHelp(Ljava/io/PrintWriter;ILjava/lang/String;Ljava/lang/String;Lorg/apache/commons/cli/Options;IILjava/lang/String;Z)V,3,,,
commons-cli,BugsTest#test13666/stage-3-complete/output-BugsTest#test13666-00013.log,a=org.apache.commons.cli.HelpFormatter.getLeftPadding()I,b=org.apache.commons.cli.HelpFormatter.printOptions(Ljava/io/PrintWriter;ILorg/apache/commons/cli/Options;II)V,3,,,
commons-cli,BugsTest#test13666/stage-3-complete/output-BugsTest#test13666-00014.log,a=org.apache.commons.cli.HelpFormatter.getLeftPadding()I,b=org.apache.commons.cli.HelpFormatter.printUsage(Ljava/io/PrintWriter;ILjava/lang/String;)V,3,,,
commons-cli,BugsTest#test13666/stage-3-complete/output-BugsTest#test13666-00015.log,a=org.apache.commons.cli.HelpFormatter.getLeftPadding()I,b=org.apache.commons.cli.HelpFormatter.printWrapped(Ljava/io/PrintWriter;IILjava/lang/String;)V,3,,,
commons-cli,BugsTest#test13666/stage-3-complete/output-BugsTest#test13666-00016.log,a=org.apache.commons.cli.HelpFormatter.getLeftPadding()I,b=org.apache.commons.cli.HelpFormatter.renderOptions(Ljava/lang/StringBuffer;ILorg/apache/commons/cli/Options;II)Ljava/lang/StringBuffer;,3,,,
commons-cli,BugsTest#test13666/stage-3-complete/output-BugsTest#test13666-00017.log,a=org.apache.commons.cli.HelpFormatter.getLeftPadding()I,b=org.apache.commons.cli.HelpFormatter.renderWrappedTextBlock(Ljava/lang/StringBuffer;IILjava/lang/String;)Ljava/lang/Appendable;,3,,,
commons-cli,BugsTest#test13666/stage-3-complete/output-BugsTest#test13666-00018.log,a=org.apache.commons.cli.HelpFormatter.getOptPrefix()Ljava/lang/String;,b=org.apache.commons.cli.HelpFormatter.getArgName()Ljava/lang/String;,3,,,
commons-cli,BugsTest#test13666/stage-3-complete/output-BugsTest#test13666-00020.log,a=org.apache.commons.cli.HelpFormatter.getWidth()I,b=org.apache.commons.cli.HelpFormatter.getDescPadding()I,3,,,
commons-cli,BugsTest#test13666/stage-3-complete/output-BugsTest#test13666-00021.log,a=org.apache.commons.cli.HelpFormatter.getWidth()I,b=org.apache.commons.cli.HelpFormatter.getLeftPadding()I,3,,,
commons-cli,BugsTest#test13666/stage-1-f2-crash-precond/output-BugsTest#test13666-00023.log,a=org.apache.commons.cli.HelpFormatter.getWidth()I,b=org.apache.commons.cli.HelpFormatter.printHelp(ILjava/lang/String;Ljava/lang/String;Lorg/apache/commons/cli/Options;Ljava/lang/String;Z)V,1,,,
commons-cli,BugsTest#test13666/stage-1-f2-crash-precond/output-BugsTest#test13666-00024.log,a=org.apache.commons.cli.HelpFormatter.getWidth()I,b=org.apache.commons.cli.HelpFormatter.printHelp(Ljava/io/PrintWriter;ILjava/lang/String;Ljava/lang/String;Lorg/apache/commons/cli/Options;IILjava/lang/String;Z)V,1,,,
commons-cli,BugsTest#test13666/stage-1-f2-crash-precond/output-BugsTest#test13666-00026.log,a=org.apache.commons.cli.HelpFormatter.getWidth()I,b=org.apache.commons.cli.HelpFormatter.printUsage(Ljava/io/PrintWriter;ILjava/lang/String;)V,1,,,
commons-cli,BugsTest#test13666/stage-1-f2-crash-precond/output-BugsTest#test13666-00027.log,a=org.apache.commons.cli.HelpFormatter.getWidth()I,b=org.apache.commons.cli.HelpFormatter.printWrapped(Ljava/io/PrintWriter;IILjava/lang/String;)V,1,,,
commons-cli,BugsTest#test13666/stage-1-f2-crash-precond/output-BugsTest#test13666-00029.log,a=org.apache.commons.cli.HelpFormatter.getWidth()I,b=org.apache.commons.cli.HelpFormatter.renderWrappedTextBlock(Ljava/lang/StringBuffer;IILjava/lang/String;)Ljava/lang/Appendable;,1,,,
commons-cli,ApplicationTest#testMan/stage-3-complete/output-ApplicationTest#testMan-00007.log,a=org.apache.commons.cli.HelpFormatter.printUsage(Ljava/io/PrintWriter;ILjava/lang/String;)V,b=org.apache.commons.cli.HelpFormatter.printOptions(Ljava/io/PrintWriter;ILorg/apache/commons/cli/Options;II)V,3,,,
commons-cli,BugsTest#test13666/stage-3-complete/output-BugsTest#test13666-00075.log,a=org.apache.commons.cli.HelpFormatter.renderWrappedTextBlock(Ljava/lang/StringBuffer;IILjava/lang/String;)Ljava/lang/Appendable;,b=org.apache.commons.cli.HelpFormatter.getArgName()Ljava/lang/String;,3,,,
commons-validator,ByteTest#testByteFailure/stage-1-f2-crash-precond/output-ByteTest#testByteFailure-00001.log,a=org.apache.commons.validator.AbstractNumberTest.loadResources(Ljava/lang/String;)V,b=org.apache.commons.validator.ByteTest.valueTest(Ljava/lang/Object;Z)V,1,,,
commons-validator,DateTest#testInvalidDate/stage-1-f2-crash-precond/output-DateTest#testInvalidDate-00001.log,a=org.apache.commons.validator.DateTest.loadResources(Ljava/lang/String;)V,b=org.apache.commons.validator.DateTest.valueTest(Ljava/lang/Object;Z)V,1,,,
commons-validator,LocaleTest#testLocale1/stage-1-f2-crash-precond/output-LocaleTest#testLocale1-00033.log,a=org.apache.commons.validator.LocaleTest.loadResources(Ljava/lang/String;)V,b=org.apache.commons.validator.LocaleTest.valueTest(Ljava/lang/Object;Ljava/util/Locale;ZZZ)V,1,,,
commons-validator,ByteTest#testByteFailure/stage-1-f2-crash-precond/output-ByteTest#testByteFailure-00065.log,a=org.apache.commons.validator.ValidatorAction.generateJsFunction()Ljava/lang/String;,b=org.apache.commons.validator.ValidatorAction.formatJavascriptFileName()Ljava/lang/String;,1,,,
commons-validator,ByteTest#testByteFailure/stage-3-complete/output-ByteTest#testByteFailure-00082.log,a=org.apache.commons.validator.ValidatorAction.getParameterValues(Ljava/util/Map;)[Ljava/lang/Object;,b=org.apache.commons.validator.ValidatorAction.getValidationClassInstance()Ljava/lang/Object;,3,,,
commons-validator,ByteTest#testByteFailure/stage-1-f2-crash-precond/output-ByteTest#testByteFailure-00103.log,a=org.apache.commons.validator.ValidatorAction.loadParameterClasses(Ljava/lang/ClassLoader;)V,b=org.apache.commons.validator.ValidatorAction.loadValidationMethod()V,1,,,
commons-validator,GenericTypeValidatorTest#testType/stage-3-complete/output-GenericTypeValidatorTest#testType-00186.log,a=org.apache.commons.validator.ValidatorResult.add(Ljava/lang/String;ZLjava/lang/Object;)V,b=org.apache.commons.validator.ValidatorResult.getActions()Ljava/util/Iterator;,3,,,
commons-validator,GenericTypeValidatorTest#testType/stage-3-complete/output-GenericTypeValidatorTest#testType-00188.log,a=org.apache.commons.validator.ValidatorResult.getActions()Ljava/util/Iterator;,b=org.apache.commons.validator.ValidatorResult.getResult(Ljava/lang/String;)Ljava/lang/Object;,3,,,
commons-validator,ValidatorResultsTest#testAllValid/stage-3-complete/output-ValidatorResultsTest#testAllValid-00162.log,a=org.apache.commons.validator.ValidatorResultsTest.createNameBean()Lorg/apache/commons/validator/NameBean;,b=org.apache.commons.validator.ValidatorResultsTest.validate(Ljava/lang/Object;)Lorg/apache/commons/validator/ValidatorResults;,3,,,
commons-validator,ValidatorResultsTest#testAllValid/stage-1-f2-crash-precond/output-ValidatorResultsTest#testAllValid-00164.log,a=org.apache.commons.validator.ValidatorResultsTest.loadResources(Ljava/lang/String;)V,b=org.apache.commons.validator.ValidatorResultsTest.validate(Ljava/lang/Object;)Lorg/apache/commons/validator/ValidatorResults;,1,,,
FasterXML.jackson-dataformat-yaml,SimpleDatabindTest#testBasicUntyped/stage-1-f2-crash-precond/output-SimpleDatabindTest#testBasicUntyped-00001.log,a=com.fasterxml.jackson.dataformat.yaml.YAMLFactory._createContext(Ljava/lang/Object;Z)Lcom/fasterxml/jackson/core/io/IOContext;,b=com.fasterxml.jackson.dataformat.yaml.YAMLFactory._createParser(Ljava/io/Reader;Lcom/fasterxml/jackson/core/io/IOContext;)Lcom/fasterxml/jackson/dataformat/yaml/YAMLParser;,1,,,
FasterXML.jackson-dataformat-yaml,FormatDetectionTest#testFormatDetection/stage-1-f2-crash-precond/output-FormatDetectionTest#testFormatDetection-00002.log,a=com.fasterxml.jackson.dataformat.yaml.YAMLFactory._createContext(Ljava/lang/Object;Z)Lcom/fasterxml/jackson/core/io/IOContext;,b=com.fasterxml.jackson.dataformat.yaml.YAMLFactory._createParser([BIILcom/fasterxml/jackson/core/io/IOContext;)Lcom/fasterxml/jackson/dataformat/yaml/YAMLParser;,1,,,
FasterXML.jackson-dataformat-yaml,FormatDetectionTest#testFormatDetection/stage-3-complete/output-FormatDetectionTest#testFormatDetection-00003.log,a=com.fasterxml.jackson.dataformat.yaml.YAMLFactory._createContext(Ljava/lang/Object;Z)Lcom/fasterxml/jackson/core/io/IOContext;,b=com.fasterxml.jackson.dataformat.yaml.YAMLFactory._createReader([BIILcom/fasterxml/jackson/core/JsonEncoding;Lcom/fasterxml/jackson/core/io/IOContext;)Ljava/io/Reader;,3,,,
FasterXML.jackson-dataformat-yaml,SimpleDatabindTest#testBasicUntyped/stage-3-complete/output-SimpleDatabindTest#testBasicUntyped-00002.log,a=com.fasterxml.jackson.dataformat.yaml.YAMLFactory._createContext(Ljava/lang/Object;Z)Lcom/fasterxml/jackson/core/io/IOContext;,b=com.fasterxml.jackson.dataformat.yaml.YAMLFactory._decorate(Ljava/io/Reader;Lcom/fasterxml/jackson/core/io/IOContext;)Ljava/io/Reader;,3,,,
FasterXML.jackson-dataformat-yaml,SimpleDatabindTest#testBasicUntyped/stage-3-complete/output-SimpleDatabindTest#testBasicUntyped-00003.log,a=com.fasterxml.jackson.dataformat.yaml.YAMLFactory._createContext(Ljava/lang/Object;Z)Lcom/fasterxml/jackson/core/io/IOContext;,b=com.fasterxml.jackson.dataformat.yaml.YAMLFactory._getBufferRecycler()Lcom/fasterxml/jackson/core/util/BufferRecycler;,3,,,
FasterXML.jackson-dataformat-yaml,all-tests/stage-3-complete/output-all-tests-00007.log,a=com.fasterxml.jackson.dataformat.yaml.YAMLFactory._decorate(Ljava/io/InputStream;Lcom/fasterxml/jackson/core/io/IOContext;)Ljava/io/InputStream;,b=com.fasterxml.jackson.dataformat.yaml.YAMLFactory._createParser(Ljava/io/InputStream;Lcom/fasterxml/jackson/core/io/IOContext;)Lcom/fasterxml/jackson/dataformat/yaml/YAMLParser;,3,,,
FasterXML.jackson-dataformat-yaml,all-tests/stage-3-complete/output-all-tests-00008.log,a=com.fasterxml.jackson.dataformat.yaml.YAMLFactory._decorate(Ljava/io/InputStream;Lcom/fasterxml/jackson/core/io/IOContext;)Ljava/io/InputStream;,b=com.fasterxml.jackson.dataformat.yaml.YAMLFactory._createReader(Ljava/io/InputStream;Lcom/fasterxml/jackson/core/JsonEncoding;Lcom/fasterxml/jackson/core/io/IOContext;)Ljava/io/Reader;,3,,,
FasterXML.jackson-dataformat-yaml,SimpleGenerationTest/stage-3-complete/output-SimpleGenerationTest-00005.log,a=com.fasterxml.jackson.dataformat.yaml.YAMLFactory._decorate(Ljava/io/InputStream;Lcom/fasterxml/jackson/core/io/IOContext;)Ljava/io/InputStream;,b=com.fasterxml.jackson.dataformat.yaml.YAMLFactory._getBufferRecycler()Lcom/fasterxml/jackson/core/util/BufferRecycler;,3,,,
FasterXML.jackson-dataformat-yaml,all-tests/stage-3-complete/output-all-tests-00009.log,a=com.fasterxml.jackson.dataformat.yaml.YAMLFactory._decorate(Ljava/io/OutputStream;Lcom/fasterxml/jackson/core/io/IOContext;)Ljava/io/OutputStream;,b=com.fasterxml.jackson.dataformat.yaml.YAMLFactory._createWriter(Ljava/io/OutputStream;Lcom/fasterxml/jackson/core/JsonEncoding;Lcom/fasterxml/jackson/core/io/IOContext;)Ljava/io/Writer;,3,,,
FasterXML.jackson-dataformat-yaml,SimpleGenerationTest#testLiteralStringsMultiLine/stage-3-complete/output-SimpleGenerationTest#testLiteralStringsMultiLine-00005.log,a=com.fasterxml.jackson.dataformat.yaml.YAMLFactory.configure(Lcom/fasterxml/jackson/dataformat/yaml/YAMLGenerator$Feature;Z)Lcom/fasterxml/jackson/dataformat/yaml/YAMLFactory;,b=com.fasterxml.jackson.dataformat.yaml.YAMLFactory._createGenerator(Ljava/io/Writer;Lcom/fasterxml/jackson/core/io/IOContext;)Lcom/fasterxml/jackson/dataformat/yaml/YAMLGenerator;,3,,,
FasterXML.jackson-dataformat-yaml,SimpleGenerationTest#testLiteralStringsMultiLine/stage-3-complete/output-SimpleGenerationTest#testLiteralStringsMultiLine-00007.log,a=com.fasterxml.jackson.dataformat.yaml.YAMLFactory.configure(Lcom/fasterxml/jackson/dataformat/yaml/YAMLGenerator$Feature;Z)Lcom/fasterxml/jackson/dataformat/yaml/YAMLFactory;,b=com.fasterxml.jackson.dataformat.yaml.YAMLFactory.createGenerator(Ljava/io/Writer;)Lcom/fasterxml/jackson/dataformat/yaml/YAMLGenerator;,3,,,
FasterXML.jackson-dataformat-yaml,TypeIdTest#testNonNativeSerialization/stage-3-complete/output-TypeIdTest#testNonNativeSerialization-00029.log,a=com.fasterxml.jackson.dataformat.yaml.YAMLFactory.disable(Lcom/fasterxml/jackson/dataformat/yaml/YAMLGenerator$Feature;)Lcom/fasterxml/jackson/dataformat/yaml/YAMLFactory;,b=com.fasterxml.jackson.dataformat.yaml.YAMLFactory._createGenerator(Ljava/io/Writer;Lcom/fasterxml/jackson/core/io/IOContext;)Lcom/fasterxml/jackson/dataformat/yaml/YAMLGenerator;,3,,,
FasterXML.jackson-dataformat-yaml,TypeIdTest#testNonNativeSerialization/stage-3-complete/output-TypeIdTest#testNonNativeSerialization-00034.log,a=com.fasterxml.jackson.dataformat.yaml.YAMLFactory.disable(Lcom/fasterxml/jackson/dataformat/yaml/YAMLGenerator$Feature;)Lcom/fasterxml/jackson/dataformat/yaml/YAMLFactory;,b=com.fasterxml.jackson.dataformat.yaml.YAMLFactory.createGenerator(Ljava/io/Writer;)Lcom/fasterxml/jackson/dataformat/yaml/YAMLGenerator;,3,,,
FasterXML.jackson-dataformat-yaml,SimpleGenerationTest#testLiteralStringsMultiLine/stage-3-complete/output-SimpleGenerationTest#testLiteralStringsMultiLine-00013.log,a=com.fasterxml.jackson.dataformat.yaml.YAMLFactory.enable(Lcom/fasterxml/jackson/dataformat/yaml/YAMLGenerator$Feature;)Lcom/fasterxml/jackson/dataformat/yaml/YAMLFactory;,b=com.fasterxml.jackson.dataformat.yaml.YAMLFactory._createGenerator(Ljava/io/Writer;Lcom/fasterxml/jackson/core/io/IOContext;)Lcom/fasterxml/jackson/dataformat/yaml/YAMLGenerator;,3,,,
FasterXML.jackson-dataformat-yaml,SimpleGenerationTest#testLiteralStringsMultiLine/stage-3-complete/output-SimpleGenerationTest#testLiteralStringsMultiLine-00015.log,a=com.fasterxml.jackson.dataformat.yaml.YAMLFactory.enable(Lcom/fasterxml/jackson/dataformat/yaml/YAMLGenerator$Feature;)Lcom/fasterxml/jackson/dataformat/yaml/YAMLFactory;,b=com.fasterxml.jackson.dataformat.yaml.YAMLFactory.createGenerator(Ljava/io/Writer;)Lcom/fasterxml/jackson/dataformat/yaml/YAMLGenerator;,3,,,
FasterXML.jackson-dataformat-yaml,SimpleGenerationTest#testSplitLines/stage-3-complete/output-SimpleGenerationTest#testSplitLines-00003.log,a=com.fasterxml.jackson.dataformat.yaml.YAMLGenerator._scalarEvent(Ljava/lang/String;Ljava/lang/Character;)Lorg/yaml/snakeyaml/events/ScalarEvent;,b=com.fasterxml.jackson.dataformat.yaml.YAMLGenerator.isClosed()Z,3,,,
FasterXML.jackson-dataformat-yaml,TypeIdTest#testNonNativeSerialization/stage-3-complete/output-TypeIdTest#testNonNativeSerialization-00042.log,a=com.fasterxml.jackson.dataformat.yaml.YAMLMapper.disable(Lcom/fasterxml/jackson/dataformat/yaml/YAMLGenerator$Feature;)Lcom/fasterxml/jackson/dataformat/yaml/YAMLMapper;,b=com.fasterxml.jackson.dataformat.yaml.YAMLMapper.writeValueAsString(Ljava/lang/Object;)Ljava/lang/String;,3,,,
FasterXML.jackson-dataformat-yaml,SimpleDatabindTest#testBasicPOJO/stage-1-f2-crash-precond/output-SimpleDatabindTest#testBasicPOJO-00020.log,a=com.fasterxml.jackson.dataformat.yaml.YAMLParser._getByteArrayBuilder()Lcom/fasterxml/jackson/core/util/ByteArrayBuilder;,b=com.fasterxml.jackson.dataformat.yaml.YAMLParser._decodeBase64(Ljava/lang/String;Lcom/fasterxml/jackson/core/util/ByteArrayBuilder;Lcom/fasterxml/jackson/core/Base64Variant;)V,1,,,
FasterXML.jackson-dataformat-yaml,SimpleDatabindTest#testBasicPOJO/stage-3-complete/output-SimpleDatabindTest#testBasicPOJO-00021.log,a=com.fasterxml.jackson.dataformat.yaml.YAMLParser._getByteArrayBuilder()Lcom/fasterxml/jackson/core/util/ByteArrayBuilder;,b=com.fasterxml.jackson.dataformat.yaml.YAMLParser.getText()Ljava/lang/String;,3,,,
FasterXML.jackson-dataformat-yaml,SimpleDatabindTest#testBasicPOJO/stage-3-complete/output-SimpleDatabindTest#testBasicPOJO-00025.log,a=com.fasterxml.jackson.dataformat.yaml.YAMLParser.getText()Ljava/lang/String;,b=com.fasterxml.jackson.dataformat.yaml.YAMLParser._decodeBase64(Ljava/lang/String;Lcom/fasterxml/jackson/core/util/ByteArrayBuilder;Lcom/fasterxml/jackson/core/Base64Variant;)V,3,,,
geosolutions-it.geoserver-manager,VersionDecoderTest/stage-1-f2-crash-precond/output-VersionDecoderTest-00004.log,a=it.geosolutions.geoserver.rest.decoder.about.GSVersionDecoder$GSAboutResource.setRoot(Ljava/lang/String;)V,b=it.geosolutions.geoserver.rest.decoder.about.GSVersionDecoder$GSAboutResource.addContent(Lorg/jdom/Content;)Lorg/jdom/Element;,1,,,
geosolutions-it.geoserver-manager,VersionDecoderTest/stage-1-f2-crash-precond/output-VersionDecoderTest-00010.log,a=it.geosolutions.geoserver.rest.decoder.about.GSVersionDecoder.setRoot(Ljava/lang/String;)V,b=it.geosolutions.geoserver.rest.decoder.about.GSVersionDecoder.addContent(Lorg/jdom/Content;)Lorg/jdom/Element;,1,,,
geosolutions-it.geoserver-manager,VersionDecoderTest/stage-3-complete/output-VersionDecoderTest-00011.log,a=it.geosolutions.geoserver.rest.decoder.about.GSVersionDecoder.setRoot(Lorg/jdom/Element;)V,b=it.geosolutions.geoserver.rest.decoder.about.GSVersionDecoder.getRoot()Lorg/jdom/Element;,3,,,
geosolutions-it.geoserver-manager,GSBackupEncoderTest#testAll/stage-2-f1-crash-postcond/output-GSBackupEncoderTest#testAll-00001.log,a=it.geosolutions.geoserver.rest.encoder.GSBackupEncoder.addPath(Ljava/lang/String;)V,b=it.geosolutions.geoserver.rest.encoder.GSBackupEncoder.setIncludeData(Ljava/lang/Boolean;)V,2,,,
geosolutions-it.geoserver-manager,GSBackupEncoderTest#testAll/stage-2-f1-crash-postcond/output-GSBackupEncoderTest#testAll-00002.log,a=it.geosolutions.geoserver.rest.encoder.GSBackupEncoder.addPath(Ljava/lang/String;)V,b=it.geosolutions.geoserver.rest.encoder.GSBackupEncoder.setIncludeGwc(Ljava/lang/Boolean;)V,2,,,
geosolutions-it.geoserver-manager,GSBackupEncoderTest#testAll/stage-2-f1-crash-postcond/output-GSBackupEncoderTest#testAll-00003.log,a=it.geosolutions.geoserver.rest.encoder.GSBackupEncoder.addPath(Ljava/lang/String;)V,b=it.geosolutions.geoserver.rest.encoder.GSBackupEncoder.setIncludeLog(Ljava/lang/Boolean;)V,2,,,
geosolutions-it.geoserver-manager,GSWorkspaceEncoderTest#testAll/stage-2-f1-crash-postcond/output-GSWorkspaceEncoderTest#testAll-00003.log,a=it.geosolutions.geoserver.rest.encoder.GSWorkspaceEncoder.addName(Ljava/lang/String;)V,b=it.geosolutions.geoserver.rest.encoder.GSWorkspaceEncoder.add(Ljava/lang/String;Ljava/lang/String;)V,2,,,
geosolutions-it.geoserver-manager,GSWorkspaceEncoderTest#testAll/stage-2-f1-crash-postcond/output-GSWorkspaceEncoderTest#testAll-00004.log,a=it.geosolutions.geoserver.rest.encoder.GSWorkspaceEncoder.addName(Ljava/lang/String;)V,b=it.geosolutions.geoserver.rest.encoder.utils.PropertyXMLEncoder.add(Lorg/jdom/Element;Ljava/lang/String;Ljava/lang/String;)V,2,,,
geosolutions-it.geoserver-manager,GSLayerEncoder21Test#testMetadata/stage-3-complete/output-GSLayerEncoder21Test#testMetadata-00020.log,a=it.geosolutions.geoserver.rest.encoder.authorityurl.GSAuthorityURLInfoEncoder.getHref()Ljava/lang/String;,b=it.geosolutions.geoserver.rest.encoder.authorityurl.GSAuthorityURLInfoEncoder.getName()Ljava/lang/String;,3,,,
geosolutions-it.geoserver-manager,GSImageMosaicEncoderTest#testAll/stage-3-complete/output-GSImageMosaicEncoderTest#testAll-00017.log,a=it.geosolutions.geoserver.rest.encoder.coverage.GSImageMosaicEncoder.setSUGGESTED_TILE_SIZE(Ljava/lang/String;)V,b=it.geosolutions.geoserver.rest.encoder.coverage.GSImageMosaicEncoder.getSuggestedTileSize()Ljava/lang/String;,3,,,
geosolutions-it.geoserver-manager,GSJP2KEncoderTest#testAll/stage-3-complete/output-GSJP2KEncoderTest#testAll-00018.log,a=it.geosolutions.geoserver.rest.encoder.coverage.GSJP2KEncoder.addSuggestedTileSize(Ljava/lang/String;)V,b=it.geosolutions.geoserver.rest.encoder.coverage.GSJP2KEncoder.getSuggestedTileSize()Ljava/lang/String;,3,,,
geosolutions-it.geoserver-manager,GSJP2KEncoderTest#testAll/stage-3-complete/output-GSJP2KEncoderTest#testAll-00023.log,a=it.geosolutions.geoserver.rest.encoder.coverage.GSJP2KEncoder.setSuggestedTileSize(Ljava/lang/String;)V,b=it.geosolutions.geoserver.rest.encoder.coverage.GSJP2KEncoder.getSuggestedTileSize()Ljava/lang/String;,3,,,
geosolutions-it.geoserver-manager,ResourceDecoderTest#testCoverageDimension/stage-3-complete/output-ResourceDecoderTest#testCoverageDimension-00016.log,a=it.geosolutions.geoserver.rest.encoder.dimensions.GSCoverageDimensionEncoder.setDescription(Ljava/lang/String;)V,b=it.geosolutions.geoserver.rest.encoder.dimensions.GSCoverageDimensionEncoder.getDescription()Ljava/lang/String;,3,,,
geosolutions-it.geoserver-manager,ResourceDecoderTest#testCoverageDimension/stage-3-complete/output-ResourceDecoderTest#testCoverageDimension-00026.log,a=it.geosolutions.geoserver.rest.encoder.dimensions.GSCoverageDimensionEncoder.setDimensionType(Ljava/lang/String;)V,b=it.geosolutions.geoserver.rest.encoder.dimensions.GSCoverageDimensionEncoder.getDimensionTypeName()Ljava/lang/String;,3,,,
geosolutions-it.geoserver-manager,ResourceDecoderTest#testCoverageDimension/stage-2-f1-crash-postcond/output-ResourceDecoderTest#testCoverageDimension-00033.log,a=it.geosolutions.geoserver.rest.encoder.dimensions.GSCoverageDimensionEncoder.setName(Ljava/lang/String;)V,b=it.geosolutions.geoserver.rest.encoder.dimensions.GSCoverageDimensionEncoder.getName()Ljava/lang/String;,2,,,
geosolutions-it.geoserver-manager,GSCoverageEncoderTest#testAll/stage-2-f1-crash-postcond/output-GSCoverageEncoderTest#testAll-00020.log,a=it.geosolutions.geoserver.rest.encoder.dimensions.GSCoverageDimensionEncoder.setName(Ljava/lang/String;)V,b=it.geosolutions.geoserver.rest.encoder.dimensions.GSCoverageDimensionEncoder.setDimensionType(Ljava/lang/String;)V,2,,,
geosolutions-it.geoserver-manager,ResourceDecoderTest#testCoverageDimension/stage-3-complete/output-ResourceDecoderTest#testCoverageDimension-00045.log,a=it.geosolutions.geoserver.rest.encoder.dimensions.GSCoverageDimensionEncoder.setRange(Ljava/lang/String;Ljava/lang/String;)V,b=it.geosolutions.geoserver.rest.encoder.dimensions.GSCoverageDimensionEncoder.getRangeMin()Ljava/lang/String;,3,,,
geosolutions-it.geoserver-manager,ResourceDecoderTest#testCoverageDimension/stage-3-complete/output-ResourceDecoderTest#testCoverageDimension-00054.log,a=it.geosolutions.geoserver.rest.encoder.dimensions.GSCoverageDimensionEncoder.setUnit(Ljava/lang/String;)V,b=it.geosolutions.geoserver.rest.encoder.dimensions.GSCoverageDimensionEncoder.getUnit()Ljava/lang/String;,3,,,
geosolutions-it.geoserver-manager,ResourceDecoderTest#testCoverageDimension/stage-3-complete/output-ResourceDecoderTest#testCoverageDimension-00058.log,a=it.geosolutions.geoserver.rest.encoder.dimensions.GSCoverageDimensionEncoder.setup(Ljava/lang/String;Ljava/lang/String;Ljava/lang/String;Ljava/lang/String;Ljava/lang/String;Ljava/lang/String;)V,b=it.geosolutions.geoserver.rest.encoder.dimensions.GSCoverageDimensionEncoder.getName()Ljava/lang/String;,3,,,
geosolutions-it.geoserver-manager,GSFeatureEncoderTest#testFeatureTypeEncoder/stage-3-complete/output-GSFeatureEncoderTest#testFeatureTypeEncoder-00024.log,a=it.geosolutions.geoserver.rest.encoder.feature.GSFeatureTypeEncoder.setName(Ljava/lang/String;)V,b=it.geosolutions.geoserver.rest.encoder.feature.GSFeatureTypeEncoder.getName()Ljava/lang/String;,3,,,
geosolutions-it.geoserver-manager,GSVirtualTableEncoderTest#virtualTableTest/stage-3-complete/output-GSVirtualTableEncoderTest#virtualTableTest-00005.log,a=it.geosolutions.geoserver.rest.encoder.metadata.virtualtable.GSVirtualTableEncoder.setName(Ljava/lang/String;)V,b=it.geosolutions.geoserver.rest.encoder.metadata.virtualtable.GSVirtualTableEncoder.addVirtualTableGeometry(Lit/geosolutions/geoserver/rest/encoder/metadata/virtualtable/VTGeometryEncoder;)V,3,,,
commons-fileupload,DiskFileItemSerializeTest#testInvalidRepository/stage-1-f2-crash-precond/output-DiskFileItemSerializeTest#testInvalidRepository-00001.log,a=org.apache.commons.fileupload2.DiskFileItemSerializeTest.createContentBytes(I)[B,b=org.apache.commons.fileupload2.DiskFileItemSerializeTest.createFileItem([BLjava/io/File;)Lorg/apache/commons/fileupload2/FileItem;,1,,,
commons-fileupload,DiskFileUploadTest#testMoveFile/stage-1-f2-crash-precond/output-DiskFileUploadTest#testMoveFile-00029.log,a=org.apache.commons.fileupload2.FileItem.getOutputStream()Ljava/io/OutputStream;,b=org.apache.commons.fileupload2.disk.DiskFileItem.write(Ljava/io/File;)V,1,,,
commons-fileupload,ProgressListenerTest#testProgressListener/stage-3-complete/output-ProgressListenerTest#testProgressListener-00027.log,a=org.apache.commons.fileupload2.servlet.ServletFileUpload.setProgressListener(Lorg/apache/commons/fileupload2/ProgressListener;)V,b=org.apache.commons.fileupload2.FileUpload.getItemIterator(Lorg/apache/commons/fileupload2/RequestContext;)Lorg/apache/commons/fileupload2/FileItemIterator;,3,,,
commons-fileupload,ProgressListenerTest#testProgressListener/stage-3-complete/output-ProgressListenerTest#testProgressListener-00029.log,a=org.apache.commons.fileupload2.servlet.ServletFileUpload.setProgressListener(Lorg/apache/commons/fileupload2/ProgressListener;)V,b=org.apache.commons.fileupload2.servlet.ServletFileUpload.getItemIterator(Ljavax/servlet/http/HttpServletRequest;)Lorg/apache/commons/fileupload2/FileItemIterator;,3,,,
vidageek.crawler,PageCrawlerTest#testThatCrawlerAvoidCircles/stage-3-complete/output-PageCrawlerTest#testThatCrawlerAvoidCircles-00001.log,a=net.vidageek.crawler.Page.getStatusCode()Lnet/vidageek/crawler/Status;,b=net.vidageek.crawler.Page.getLinks()Ljava/util/List;,3,,,
vidageek.crawler,PageCrawlerTest#testThatCrawlerAvoidCircles/stage-3-complete/output-PageCrawlerTest#testThatCrawlerAvoidCircles-00003.log,a=net.vidageek.crawler.PageCrawlerTest$2.will(Lorg/jmock/api/Action;)V,b=net.vidageek.crawler.PageCrawlerTest$2.with(Lorg/hamcrest/Matcher;)Ljava/lang/Object;,3,,,
vidageek.crawler,PageCrawlerTest#testThatCrawlerAvoidCircles/stage-3-complete/output-PageCrawlerTest#testThatCrawlerAvoidCircles-00005.log,a=net.vidageek.crawler.config.CrawlerConfiguration.downloader()Lnet/vidageek/crawler/component/Downloader;,b=net.vidageek.crawler.config.CrawlerConfiguration.normalizer()Lnet/vidageek/crawler/component/LinkNormalizer;,3,,,
vidageek.crawler,PageCrawlerTest#testThatCrawlerAvoidCircles/stage-3-complete/output-PageCrawlerTest#testThatCrawlerAvoidCircles-00025.log,a=net.vidageek.crawler.config.CrawlerConfiguration.maxPoolSize()I,b=net.vidageek.crawler.config.CrawlerConfiguration.requestDelayMilliseconds()I,3,,,
ptgoetz.storm-jms,JmsSpoutTest#testFailure/stage-3-complete/output-JmsSpoutTest#testFailure-00001.log,a=org.apache.storm.jms.JmsProvider.connectionFactory()Ljavax/jms/ConnectionFactory;,b=org.apache.storm.jms.JmsProvider.destination()Ljavax/jms/Destination;,3,,,
ptgoetz.storm-jms,JmsSpoutTest#testFailure/stage-3-complete/output-JmsSpoutTest#testFailure-00008.log,a=org.apache.storm.jms.spout.JmsSpout.setJmsAcknowledgeMode(I)V,b=org.apache.storm.jms.spout.JmsSpout.fail(Ljava/lang/Object;)V,3,,,
ptgoetz.storm-jms,JmsSpoutTest#testFailure/stage-3-complete/output-JmsSpoutTest#testFailure-00010.log,a=org.apache.storm.jms.spout.JmsSpout.setJmsAcknowledgeMode(I)V,b=org.apache.storm.jms.spout.JmsSpout.open(Ljava/util/Map;Lbacktype/storm/task/TopologyContext;Lbacktype/storm/spout/SpoutOutputCollector;)V,3,,,
ptgoetz.storm-jms,JmsSpoutTest#testFailure/stage-1-f2-crash-precond/output-JmsSpoutTest#testFailure-00015.log,a=org.apache.storm.jms.spout.JmsSpout.setJmsProvider(Lorg/apache/storm/jms/JmsProvider;)V,b=org.apache.storm.jms.spout.JmsSpout.open(Ljava/util/Map;Lbacktype/storm/task/TopologyContext;Lbacktype/storm/spout/SpoutOutputCollector;)V,1,,,
ptgoetz.storm-jms,JmsSpoutTest#testFailure/stage-1-f2-crash-precond/output-JmsSpoutTest#testFailure-00022.log,a=org.apache.storm.jms.spout.JmsSpout.setJmsTupleProducer(Lorg/apache/storm/jms/JmsTupleProducer;)V,b=org.apache.storm.jms.spout.JmsSpout.open(Ljava/util/Map;Lbacktype/storm/task/TopologyContext;Lbacktype/storm/spout/SpoutOutputCollector;)V,1,,,
ptgoetz.storm-jms,JmsSpoutTest#testFailure/stage-3-complete/output-JmsSpoutTest#testFailure-00026.log,a=org.apache.storm.jms.spout.JmsSpout.setRecoveryPeriod(J)V,b=org.apache.storm.jms.spout.JmsSpout.fail(Ljava/lang/Object;)V,3,,,
ptgoetz.storm-jms,JmsSpoutTest#testFailure/stage-3-complete/output-JmsSpoutTest#testFailure-00028.log,a=org.apache.storm.jms.spout.JmsSpout.setRecoveryPeriod(J)V,b=org.apache.storm.jms.spout.JmsSpout.open(Ljava/util/Map;Lbacktype/storm/task/TopologyContext;Lbacktype/storm/spout/SpoutOutputCollector;)V,3,,,
jmxtrans.embedded-jmxtrans,ConfigurationTest#validateTuningParameters/stage-3-complete/output-ConfigurationTest#validateTuningParameters-00036.log,a=org.jmxtrans.embedded.EmbeddedJmxTrans.setExportIntervalInSeconds(I)V,b=org.jmxtrans.embedded.EmbeddedJmxTrans.getExportIntervalInSeconds()I,3,,,
jmxtrans.embedded-jmxtrans,ConfigurationTest#validateTuningParameters/stage-3-complete/output-ConfigurationTest#validateTuningParameters-00061.log,a=org.jmxtrans.embedded.EmbeddedJmxTrans.setQueryIntervalInSeconds(I)V,b=org.jmxtrans.embedded.EmbeddedJmxTrans.getQueryIntervalInSeconds()I,3,,,
jmxtrans.embedded-jmxtrans,ConfigurationTest#validateQueryWithCapacity/stage-3-complete/output-ConfigurationTest#validateQueryWithCapacity-00030.log,a=org.jmxtrans.embedded.Query.setResultsQueue(Ljava/util/concurrent/BlockingQueue;)V,b=org.jmxtrans.embedded.Query.getResults()Ljava/util/concurrent/BlockingQueue;,3,,,
jmxtrans.embedded-jmxtrans,CsvWriterTest#testCsvFileIsWrittenOutCorrectly/stage-3-complete/output-CsvWriterTest#testCsvFileIsWrittenOutCorrectly-00003.log,a=org.jmxtrans.embedded.output.CsvWriter.createHeader(Ljava/util/List;)[Ljava/lang/String;,b=org.jmxtrans.embedded.output.CsvWriter.stop()V,3,,,
jmxtrans.embedded-jmxtrans,CsvWriterTest#testCsvFileIsWrittenOutCorrectly/stage-1-f2-crash-precond/output-CsvWriterTest#testCsvFileIsWrittenOutCorrectly-00006.log,a=org.jmxtrans.embedded.output.CsvWriter.createOutputFile()Ljava/io/File;,b=org.jmxtrans.embedded.output.CsvWriter.stop()V,1,,,
jmxtrans.embedded-jmxtrans,CsvWriterTest#testCsvFileIsWrittenOutCorrectly/stage-2-f1-crash-postcond/output-CsvWriterTest#testCsvFileIsWrittenOutCorrectly-00008.log,a=org.jmxtrans.embedded.output.CsvWriter.queryResultToHeader(Ljava/util/List;)Ljava/util/List;,b=org.jmxtrans.embedded.output.CsvWriter.stop()V,2,,,
jmxtrans.embedded-jmxtrans,CsvWriterTest#testCsvFileIsWrittenOutCorrectly/stage-1-f2-crash-precond/output-CsvWriterTest#testCsvFileIsWrittenOutCorrectly-00012.log,a=org.jmxtrans.embedded.output.CsvWriter.start()V,b=org.jmxtrans.embedded.output.CsvWriter.stop()V,1,,,
jmxtrans.embedded-jmxtrans,CsvWriterTest#testCsvFileIsWrittenOutCorrectly/stage-1-f2-crash-precond/output-CsvWriterTest#testCsvFileIsWrittenOutCorrectly-00013.log,a=org.jmxtrans.embedded.output.CsvWriter.start()V,b=org.jmxtrans.embedded.output.CsvWriter.writeHeader(Ljava/util/List;)V,1,,,
jmxtrans.embedded-jmxtrans,CsvWriterTest#testCsvFileIsWrittenOutCorrectly/stage-2-f1-crash-postcond/output-CsvWriterTest#testCsvFileIsWrittenOutCorrectly-00016.log,a=org.jmxtrans.embedded.output.CsvWriter.writeHeader(Ljava/util/List;)V,b=org.jmxtrans.embedded.output.CsvWriter.stop()V,2,,,
jmxtrans.embedded-jmxtrans,EmbeddedJmxTransBeanDefinitionParser2Test#test/stage-1-f2-crash-precond/output-EmbeddedJmxTransBeanDefinitionParser2Test#test-00026.log,a=org.jmxtrans.embedded.spring.EmbeddedJmxTransFactory.getConfigurations()Ljava/util/List;,b=org.jmxtrans.embedded.spring.EmbeddedJmxTransFactory.loadConfiguration(Lorg/jmxtrans/embedded/spring/SpringEmbeddedJmxTrans;Ljava/util/List;)V,1,,,
jmxtrans.embedded-jmxtrans,EmbeddedJmxTransFactoryTest#testGetObject/stage-1-f2-crash-precond/output-EmbeddedJmxTransFactoryTest#testGetObject-00087.log,a=org.jmxtrans.embedded.spring.EmbeddedJmxTransFactory.setConfigurationUrl(Ljava/lang/String;)V,b=org.jmxtrans.embedded.spring.EmbeddedJmxTransFactory.getConfigurations()Ljava/util/List;,1,,,
jmxtrans.embedded-jmxtrans,EmbeddedJmxTransFactoryTest#testGetObject/stage-1-f2-crash-precond/output-EmbeddedJmxTransFactoryTest#testGetObject-00088.log,a=org.jmxtrans.embedded.spring.EmbeddedJmxTransFactory.setConfigurationUrl(Ljava/lang/String;)V,b=org.jmxtrans.embedded.spring.EmbeddedJmxTransFactory.getObject()Lorg/jmxtrans/embedded/spring/SpringEmbeddedJmxTrans;,1,,,
jpatterns,AbstractFactoryTest#testEnglishAnimals/stage-3-complete/output-AbstractFactoryTest#testEnglishAnimals-00001.log,a=org.jpatterns.gof.AbstractFactoryTest$AbstractLocalizedAnimalFactory.createCat()Lorg/jpatterns/gof/AbstractFactoryTest$LocalizedAnimal;,b=org.jpatterns.gof.AbstractFactoryTest$AbstractLocalizedAnimalFactory.createChicken()Lorg/jpatterns/gof/AbstractFactoryTest$LocalizedAnimal;,3,,,
jpatterns,AbstractFactoryTest/stage-3-complete/output-AbstractFactoryTest-00002.log,a=org.jpatterns.gof.AbstractFactoryTest.configureLocale(Ljava/lang/String;)V,b=org.jpatterns.gof.AbstractFactoryTest.getConfigureLocale()Ljava/lang/String;,3,,,
jpatterns,AbstractFactoryTest/stage-3-complete/output-AbstractFactoryTest-00003.log,a=org.jpatterns.gof.AbstractFactoryTest.configureLocale(Ljava/lang/String;)V,b=org.jpatterns.gof.AbstractFactoryTest.getFactoryForConfiguredLocale()Lorg/jpatterns/gof/AbstractFactoryTest$AbstractLocalizedAnimalFactory;,3,,,
jpatterns,BuilderTest#testBuilderAngusGuitar/stage-1-f2-crash-precond/output-BuilderTest#testBuilderAngusGuitar-00011.log,a=org.jpatterns.gof.BuilderTest$GuitarBuilder.createGuitar()V,b=org.jpatterns.gof.BuilderTest$GuitarBuilder.buildModel()V,1,,,
jpatterns,BuilderTest#testBuilderAngusGuitar/stage-3-complete/output-BuilderTest#testBuilderAngusGuitar-00014.log,a=org.jpatterns.gof.BuilderTest$GuitarMaker.buildGuitar()V,b=org.jpatterns.gof.BuilderTest$GuitarMaker.getGuitar()Lorg/jpatterns/gof/BuilderTest$Guitar;,3,,,
jpatterns,BuilderTest#testBuilderAngusGuitar/stage-1-f2-crash-precond/output-BuilderTest#testBuilderAngusGuitar-00015.log,a=org.jpatterns.gof.BuilderTest$GuitarMaker.setGuitarBuilder(Lorg/jpatterns/gof/BuilderTest$GuitarBuilder;)V,b=org.jpatterns.gof.BuilderTest$GuitarMaker.buildGuitar()V,1,,,
jpatterns,StrategyTest#adler32StrategyWorks/stage-3-complete/output-StrategyTest#adler32StrategyWorks-00001.log,a=org.jpatterns.gof.StrategyTest$Checksum.reset()V,b=org.jpatterns.gof.StrategyTest$Checksum.update([B)V,3,,,
jpatterns,TemplateMethodTest#databaseResourcesAreSetupUsedAndClosed/stage-3-complete/output-TemplateMethodTest#databaseResourcesAreSetupUsedAndClosed-00001.log,a=org.jpatterns.gof.TemplateMethodTest$CloseHelper.doExecute([Ljava/lang/Object;)Ljava/lang/Object;,b=org.jpatterns.gof.TemplateMethodTest$CloseHelper.tearDown([Ljava/lang/Object;)V,3,,,
jpatterns,TemplateMethodTest#databaseResourcesAreSetupUsedAndClosed/stage-1-f2-crash-precond/output-TemplateMethodTest#databaseResourcesAreSetupUsedAndClosed-00003.log,a=org.jpatterns.gof.TemplateMethodTest$CloseHelper.setUp([Ljava/lang/Object;)V,b=org.jpatterns.gof.TemplateMethodTest$CloseHelper.doExecute([Ljava/lang/Object;)Ljava/lang/Object;,1,,,
jpatterns,TemplateMethodTest#databaseResourcesAreSetupUsedAndClosed/stage-1-f2-crash-precond/output-TemplateMethodTest#databaseResourcesAreSetupUsedAndClosed-00004.log,a=org.jpatterns.gof.TemplateMethodTest$CloseHelper.setUp([Ljava/lang/Object;)V,b=org.jpatterns.gof.TemplateMethodTest$CloseHelper.tearDown([Ljava/lang/Object;)V,1,,,
jpatterns,TemplateMethodTest#databaseResourcesAreSetupUsedAndClosed/stage-1-f2-crash-precond/output-TemplateMethodTest#databaseResourcesAreSetupUsedAndClosed-00005.log,a=org.jpatterns.gof.TemplateMethodTest$CloseHelper.setUp([Ljava/lang/Object;)V,b=org.jpatterns.gof.TemplateMethodTest$DBHelper.doExecute([Ljava/lang/Object;)Ljava/lang/Integer;,1,,,
jpatterns,TemplateMethodTest#databaseResourcesAreSetupUsedAndClosed/stage-3-complete/output-TemplateMethodTest#databaseResourcesAreSetupUsedAndClosed-00006.log,a=org.jpatterns.gof.TemplateMethodTest$DBHelper.doExecute([Ljava/lang/Object;)Ljava/lang/Integer;,b=org.jpatterns.gof.TemplateMethodTest$CloseHelper.tearDown([Ljava/lang/Object;)V,3,,,
kamranzafar.jtar,JTarAppendTest#testAppend/stage-1-f2-crash-precond/output-JTarAppendTest#testAppend-00001.log,a=org.kamranzafar.jtar.JTarAppendTest.untar()V,b=org.kamranzafar.jtar.JTarAppendTest.assertInEqualsOut()V,1,,,
kamranzafar.jtar,JTarTest#untarTGzFile/stage-1-f2-crash-precond/output-JTarTest#untarTGzFile-00001.log,a=org.kamranzafar.jtar.JTarTest.untar(Lorg/kamranzafar/jtar/TarInputStream;Ljava/lang/String;)V,b=org.kamranzafar.jtar.JTarTest.assertFileContents(Ljava/io/File;)V,1,,,
kamranzafar.jtar,JTarAppendTest#testAppend/stage-3-complete/output-JTarAppendTest#testAppend-00006.log,a=org.kamranzafar.jtar.TarEntry.parseTarHeader([B)V,b=org.kamranzafar.jtar.TarEntry.getName()Ljava/lang/String;,3,,,
IvanTrendafilov.Confucius,ConfigurationTest/stage-1-f2-crash-precond/output-ConfigurationTest-00001.log,a=org.trendafilov.confucius.Configuration.getByteList(Ljava/lang/String;Ljava/lang/String;)Ljava/util/List;,b=org.trendafilov.confucius.Configuration.getCharList(Ljava/lang/String;Ljava/lang/String;)Ljava/util/List;,1,,,
IvanTrendafilov.Confucius,ConfigurationTest/stage-1-f2-crash-precond/output-ConfigurationTest-00002.log,a=org.trendafilov.confucius.Configuration.getByteList(Ljava/lang/String;Ljava/lang/String;)Ljava/util/List;,b=org.trendafilov.confucius.Configuration.getDoubleList(Ljava/lang/String;Ljava/lang/String;)Ljava/util/List;,1,,,
IvanTrendafilov.Confucius,ConfigurationTest/stage-1-f2-crash-precond/output-ConfigurationTest-00003.log,a=org.trendafilov.confucius.Configuration.getByteList(Ljava/lang/String;Ljava/lang/String;)Ljava/util/List;,b=org.trendafilov.confucius.Configuration.getFloatList(Ljava/lang/String;Ljava/lang/String;)Ljava/util/List;,1,,,
IvanTrendafilov.Confucius,ConfigurationTest/stage-1-f2-crash-precond/output-ConfigurationTest-00004.log,a=org.trendafilov.confucius.Configuration.getByteList(Ljava/lang/String;Ljava/lang/String;)Ljava/util/List;,b=org.trendafilov.confucius.Configuration.getLongList(Ljava/lang/String;Ljava/lang/String;)Ljava/util/List;,1,,,
IvanTrendafilov.Confucius,ConfigurationTest/stage-2-f1-crash-postcond/output-ConfigurationTest-00005.log,a=org.trendafilov.confucius.Configuration.getByteList(Ljava/lang/String;Ljava/lang/String;)Ljava/util/List;,b=org.trendafilov.confucius.Configuration.getProperties()Ljava/util/Properties;,2,,,
IvanTrendafilov.Confucius,ConfigurationTest/stage-1-f2-crash-precond/output-ConfigurationTest-00006.log,a=org.trendafilov.confucius.Configuration.getByteList(Ljava/lang/String;Ljava/lang/String;)Ljava/util/List;,b=org.trendafilov.confucius.Configuration.getStringList(Ljava/lang/String;Ljava/lang/String;)Ljava/util/List;,1,,,
IvanTrendafilov.Confucius,ConfigurationTest/stage-2-f1-crash-postcond/output-ConfigurationTest-00007.log,a=org.trendafilov.confucius.Configuration.getByteList(Ljava/lang/String;Ljava/lang/String;)Ljava/util/List;,b=org.trendafilov.confucius.Configuration.setProperties(Ljava/util/Properties;)V,2,,,
IvanTrendafilov.Confucius,ConfigurationTest/stage-1-f2-crash-precond/output-ConfigurationTest-00008.log,a=org.trendafilov.confucius.Configuration.getCharList(Ljava/lang/String;Ljava/lang/String;)Ljava/util/List;,b=org.trendafilov.confucius.Configuration.getDoubleList(Ljava/lang/String;Ljava/lang/String;)Ljava/util/List;,1,,,
IvanTrendafilov.Confucius,ConfigurationTest/stage-1-f2-crash-precond/output-ConfigurationTest-00009.log,a=org.trendafilov.confucius.Configuration.getCharList(Ljava/lang/String;Ljava/lang/String;)Ljava/util/List;,b=org.trendafilov.confucius.Configuration.getStringList(Ljava/lang/String;Ljava/lang/String;)Ljava/util/List;,1,,,
IvanTrendafilov.Confucius,ConfigurationTest/stage-1-f2-crash-precond/output-ConfigurationTest-00010.log,a=org.trendafilov.confucius.Configuration.getDoubleList(Ljava/lang/String;Ljava/lang/String;)Ljava/util/List;,b=org.trendafilov.confucius.Configuration.getStringList(Ljava/lang/String;Ljava/lang/String;)Ljava/util/List;,1,,,
IvanTrendafilov.Confucius,ConfigurationTest/stage-1-f2-crash-precond/output-ConfigurationTest-00011.log,a=org.trendafilov.confucius.Configuration.getFloatList(Ljava/lang/String;Ljava/lang/String;)Ljava/util/List;,b=org.trendafilov.confucius.Configuration.getCharList(Ljava/lang/String;Ljava/lang/String;)Ljava/util/List;,1,,,
IvanTrendafilov.Confucius,ConfigurationTest/stage-1-f2-crash-precond/output-ConfigurationTest-00012.log,a=org.trendafilov.confucius.Configuration.getFloatList(Ljava/lang/String;Ljava/lang/String;)Ljava/util/List;,b=org.trendafilov.confucius.Configuration.getDoubleList(Ljava/lang/String;Ljava/lang/String;)Ljava/util/List;,1,,,
IvanTrendafilov.Confucius,ConfigurationTest/stage-1-f2-crash-precond/output-ConfigurationTest-00013.log,a=org.trendafilov.confucius.Configuration.getFloatList(Ljava/lang/String;Ljava/lang/String;)Ljava/util/List;,b=org.trendafilov.confucius.Configuration.getLongList(Ljava/lang/String;Ljava/lang/String;)Ljava/util/List;,1,,,
IvanTrendafilov.Confucius,ConfigurationTest/stage-2-f1-crash-postcond/output-ConfigurationTest-00014.log,a=org.trendafilov.confucius.Configuration.getFloatList(Ljava/lang/String;Ljava/lang/String;)Ljava/util/List;,b=org.trendafilov.confucius.Configuration.getProperties()Ljava/util/Properties;,2,,,
IvanTrendafilov.Confucius,ConfigurationTest/stage-1-f2-crash-precond/output-ConfigurationTest-00015.log,a=org.trendafilov.confucius.Configuration.getFloatList(Ljava/lang/String;Ljava/lang/String;)Ljava/util/List;,b=org.trendafilov.confucius.Configuration.getStringList(Ljava/lang/String;Ljava/lang/String;)Ljava/util/List;,1,,,
IvanTrendafilov.Confucius,ConfigurationTest/stage-2-f1-crash-postcond/output-ConfigurationTest-00016.log,a=org.trendafilov.confucius.Configuration.getFloatList(Ljava/lang/String;Ljava/lang/String;)Ljava/util/List;,b=org.trendafilov.confucius.Configuration.setProperties(Ljava/util/Properties;)V,2,,,
IvanTrendafilov.Confucius,ConfigurationTest/stage-1-f2-crash-precond/output-ConfigurationTest-00017.log,a=org.trendafilov.confucius.Configuration.getLongList(Ljava/lang/String;Ljava/lang/String;)Ljava/util/List;,b=org.trendafilov.confucius.Configuration.getCharList(Ljava/lang/String;Ljava/lang/String;)Ljava/util/List;,1,,,
IvanTrendafilov.Confucius,ConfigurationTest/stage-1-f2-crash-precond/output-ConfigurationTest-00018.log,a=org.trendafilov.confucius.Configuration.getLongList(Ljava/lang/String;Ljava/lang/String;)Ljava/util/List;,b=org.trendafilov.confucius.Configuration.getDoubleList(Ljava/lang/String;Ljava/lang/String;)Ljava/util/List;,1,,,
IvanTrendafilov.Confucius,ConfigurationTest/stage-1-f2-crash-precond/output-ConfigurationTest-00019.log,a=org.trendafilov.confucius.Configuration.getLongList(Ljava/lang/String;Ljava/lang/String;)Ljava/util/List;,b=org.trendafilov.confucius.Configuration.getStringList(Ljava/lang/String;Ljava/lang/String;)Ljava/util/List;,1,,,
IvanTrendafilov.Confucius,ConfigurationTest/stage-1-f2-crash-precond/output-ConfigurationTest-00020.log,a=org.trendafilov.confucius.Configuration.getProperties()Ljava/util/Properties;,b=org.trendafilov.confucius.Configuration.getCharList(Ljava/lang/String;Ljava/lang/String;)Ljava/util/List;,1,,,
IvanTrendafilov.Confucius,ConfigurationTest/stage-1-f2-crash-precond/output-ConfigurationTest-00021.log,a=org.trendafilov.confucius.Configuration.getProperties()Ljava/util/Properties;,b=org.trendafilov.confucius.Configuration.getDoubleList(Ljava/lang/String;Ljava/lang/String;)Ljava/util/List;,1,,,
IvanTrendafilov.Confucius,ConfigurationTest/stage-1-f2-crash-precond/output-ConfigurationTest-00022.log,a=org.trendafilov.confucius.Configuration.getProperties()Ljava/util/Properties;,b=org.trendafilov.confucius.Configuration.getLongList(Ljava/lang/String;Ljava/lang/String;)Ljava/util/List;,1,,,
IvanTrendafilov.Confucius,ConfigurationTest/stage-1-f2-crash-precond/output-ConfigurationTest-00023.log,a=org.trendafilov.confucius.Configuration.getProperties()Ljava/util/Properties;,b=org.trendafilov.confucius.Configuration.getStringList(Ljava/lang/String;Ljava/lang/String;)Ljava/util/List;,1,,,
IvanTrendafilov.Confucius,ConfigurationTest/stage-3-complete/output-ConfigurationTest-00024.log,a=org.trendafilov.confucius.Configuration.getProperties()Ljava/util/Properties;,b=org.trendafilov.confucius.Configuration.setProperties(Ljava/util/Properties;)V,3,,,
IvanTrendafilov.Confucius,ConfigurationTest/stage-1-f2-crash-precond/output-ConfigurationTest-00025.log,a=org.trendafilov.confucius.Configuration.getShortList(Ljava/lang/String;Ljava/lang/String;)Ljava/util/List;,b=org.trendafilov.confucius.Configuration.getByteList(Ljava/lang/String;Ljava/lang/String;)Ljava/util/List;,1,,,
IvanTrendafilov.Confucius,ConfigurationTest/stage-1-f2-crash-precond/output-ConfigurationTest-00026.log,a=org.trendafilov.confucius.Configuration.getShortList(Ljava/lang/String;Ljava/lang/String;)Ljava/util/List;,b=org.trendafilov.confucius.Configuration.getCharList(Ljava/lang/String;Ljava/lang/String;)Ljava/util/List;,1,,,
IvanTrendafilov.Confucius,ConfigurationTest/stage-1-f2-crash-precond/output-ConfigurationTest-00027.log,a=org.trendafilov.confucius.Configuration.getShortList(Ljava/lang/String;Ljava/lang/String;)Ljava/util/List;,b=org.trendafilov.confucius.Configuration.getDoubleList(Ljava/lang/String;Ljava/lang/String;)Ljava/util/List;,1,,,
IvanTrendafilov.Confucius,ConfigurationTest/stage-1-f2-crash-precond/output-ConfigurationTest-00028.log,a=org.trendafilov.confucius.Configuration.getShortList(Ljava/lang/String;Ljava/lang/String;)Ljava/util/List;,b=org.trendafilov.confucius.Configuration.getFloatList(Ljava/lang/String;Ljava/lang/String;)Ljava/util/List;,1,,,
IvanTrendafilov.Confucius,ConfigurationTest/stage-1-f2-crash-precond/output-ConfigurationTest-00029.log,a=org.trendafilov.confucius.Configuration.getShortList(Ljava/lang/String;Ljava/lang/String;)Ljava/util/List;,b=org.trendafilov.confucius.Configuration.getLongList(Ljava/lang/String;Ljava/lang/String;)Ljava/util/List;,1,,,
IvanTrendafilov.Confucius,ConfigurationTest/stage-2-f1-crash-postcond/output-ConfigurationTest-00030.log,a=org.trendafilov.confucius.Configuration.getShortList(Ljava/lang/String;Ljava/lang/String;)Ljava/util/List;,b=org.trendafilov.confucius.Configuration.getProperties()Ljava/util/Properties;,2,,,
IvanTrendafilov.Confucius,ConfigurationTest/stage-1-f2-crash-precond/output-ConfigurationTest-00031.log,a=org.trendafilov.confucius.Configuration.getShortList(Ljava/lang/String;Ljava/lang/String;)Ljava/util/List;,b=org.trendafilov.confucius.Configuration.getStringList(Ljava/lang/String;Ljava/lang/String;)Ljava/util/List;,1,,,
IvanTrendafilov.Confucius,ConfigurationTest/stage-2-f1-crash-postcond/output-ConfigurationTest-00032.log,a=org.trendafilov.confucius.Configuration.getShortList(Ljava/lang/String;Ljava/lang/String;)Ljava/util/List;,b=org.trendafilov.confucius.Configuration.setProperties(Ljava/util/Properties;)V,2,,,
IvanTrendafilov.Confucius,ConfigurationTest/stage-1-f2-crash-precond/output-ConfigurationTest-00033.log,a=org.trendafilov.confucius.Configuration.keySet()Ljava/util/Set;,b=org.trendafilov.confucius.Configuration.getByteList(Ljava/lang/String;Ljava/lang/String;)Ljava/util/List;,1,,,
IvanTrendafilov.Confucius,ConfigurationTest/stage-1-f2-crash-precond/output-ConfigurationTest-00034.log,a=org.trendafilov.confucius.Configuration.keySet()Ljava/util/Set;,b=org.trendafilov.confucius.Configuration.getCharList(Ljava/lang/String;Ljava/lang/String;)Ljava/util/List;,1,,,
IvanTrendafilov.Confucius,ConfigurationTest/stage-1-f2-crash-precond/output-ConfigurationTest-00035.log,a=org.trendafilov.confucius.Configuration.keySet()Ljava/util/Set;,b=org.trendafilov.confucius.Configuration.getDoubleList(Ljava/lang/String;Ljava/lang/String;)Ljava/util/List;,1,,,
IvanTrendafilov.Confucius,ConfigurationTest/stage-1-f2-crash-precond/output-ConfigurationTest-00036.log,a=org.trendafilov.confucius.Configuration.keySet()Ljava/util/Set;,b=org.trendafilov.confucius.Configuration.getFloatList(Ljava/lang/String;Ljava/lang/String;)Ljava/util/List;,1,,,
IvanTrendafilov.Confucius,ConfigurationTest/stage-1-f2-crash-precond/output-ConfigurationTest-00037.log,a=org.trendafilov.confucius.Configuration.keySet()Ljava/util/Set;,b=org.trendafilov.confucius.Configuration.getLongList(Ljava/lang/String;Ljava/lang/String;)Ljava/util/List;,1,,,
IvanTrendafilov.Confucius,ConfigurationTest/stage-3-complete/output-ConfigurationTest-00038.log,a=org.trendafilov.confucius.Configuration.keySet()Ljava/util/Set;,b=org.trendafilov.confucius.Configuration.getProperties()Ljava/util/Properties;,3,,,
IvanTrendafilov.Confucius,ConfigurationTest/stage-1-f2-crash-precond/output-ConfigurationTest-00039.log,a=org.trendafilov.confucius.Configuration.keySet()Ljava/util/Set;,b=org.trendafilov.confucius.Configuration.getShortList(Ljava/lang/String;Ljava/lang/String;)Ljava/util/List;,1,,,
IvanTrendafilov.Confucius,ConfigurationTest/stage-1-f2-crash-precond/output-ConfigurationTest-00040.log,a=org.trendafilov.confucius.Configuration.keySet()Ljava/util/Set;,b=org.trendafilov.confucius.Configuration.getStringList(Ljava/lang/String;Ljava/lang/String;)Ljava/util/List;,1,,,
IvanTrendafilov.Confucius,ConfigurationTest/stage-3-complete/output-ConfigurationTest-00041.log,a=org.trendafilov.confucius.Configuration.keySet()Ljava/util/Set;,b=org.trendafilov.confucius.Configuration.setProperties(Ljava/util/Properties;)V,3,,,
IvanTrendafilov.Confucius,ConfigurationTest/stage-1-f2-crash-precond/output-ConfigurationTest-00042.log,a=org.trendafilov.confucius.Configuration.setProperties(Ljava/util/Properties;)V,b=org.trendafilov.confucius.Configuration.getCharList(Ljava/lang/String;Ljava/lang/String;)Ljava/util/List;,1,,,
IvanTrendafilov.Confucius,ConfigurationTest/stage-1-f2-crash-precond/output-ConfigurationTest-00043.log,a=org.trendafilov.confucius.Configuration.setProperties(Ljava/util/Properties;)V,b=org.trendafilov.confucius.Configuration.getDoubleList(Ljava/lang/String;Ljava/lang/String;)Ljava/util/List;,1,,,
IvanTrendafilov.Confucius,ConfigurationTest/stage-1-f2-crash-precond/output-ConfigurationTest-00044.log,a=org.trendafilov.confucius.Configuration.setProperties(Ljava/util/Properties;)V,b=org.trendafilov.confucius.Configuration.getLongList(Ljava/lang/String;Ljava/lang/String;)Ljava/util/List;,1,,,
IvanTrendafilov.Confucius,ConfigurationTest/stage-1-f2-crash-precond/output-ConfigurationTest-00045.log,a=org.trendafilov.confucius.Configuration.setProperties(Ljava/util/Properties;)V,b=org.trendafilov.confucius.Configuration.getStringList(Ljava/lang/String;Ljava/lang/String;)Ljava/util/List;,1,,,
asterisk-java,ConfigFileParserTest#testParseCategoryHeader@ConfigFileParserTest#testParseCategoryHeader/stage-3-complete/output_testMethods@testMethods_ConfigFileParserTest#testParseCategoryHeader@ConfigFileParserTest#testParseCategoryHeader_00002.log,a=org.asteriskjava.config.Category.markAsTemplate()V,b=org.asteriskjava.config.Category.isTemplate()Z,3,,,
asterisk-java,ConfigFileParserTest#testProcessLine@ConfigFileParserTest#testProcessLine/stage-3-complete/output_testMethods@testMethods_ConfigFileParserTest#testProcessLine@ConfigFileParserTest#testProcessLine_00002.log,a=org.asteriskjava.config.ConfigElement.setComment(Ljava/lang/String;)V,b=org.asteriskjava.config.ConfigElement.getComment()Ljava/lang/String;,3,,,
asterisk-java,ConfigFileParserTest#testProcessLine@ConfigFileParserTest#testProcessLine/stage-1-f2-crash-precond/output_testMethods@testMethods_ConfigFileParserTest#testProcessLine@ConfigFileParserTest#testProcessLine_00010.log,a=org.asteriskjava.config.ConfigFileReader.appendCategory(Lorg/asteriskjava/config/Category;)V,b=org.asteriskjava.config.ConfigFileReader.processLine(Ljava/lang/String;ILjava/nio/CharBuffer;)Lorg/asteriskjava/config/ConfigElement;,1,,,
asterisk-java,ConfigFileParserTest#testProcessLine@ConfigFileParserTest#testProcessLine/stage-1-f2-crash-precond/output_testMethods@testMethods_ConfigFileParserTest#testProcessLine@ConfigFileParserTest#testProcessLine_00011.log,a=org.asteriskjava.config.ConfigFileReader.appendCategory(Lorg/asteriskjava/config/Category;)V,b=org.asteriskjava.config.ConfigFileReader.processTextLine(Ljava/lang/String;ILjava/lang/String;)Lorg/asteriskjava/config/ConfigElement;,1,,,
asterisk-java,ExecCommandTest#testDefault@ExecCommandTest#testDefault/stage-3-complete/output_testMethods@testMethods_ExecCommandTest#testDefault@ExecCommandTest#testDefault_00004.log,a=org.asteriskjava.fastagi.command.ExecCommand.escapeAndQuote(Ljava/lang/String;)Ljava/lang/String;,b=org.asteriskjava.fastagi.command.AbstractAgiCommand.escapeAndQuote(Ljava/lang/String;)Ljava/lang/String;,3,,,
asterisk-java,AgiReaderImplTest#testReadRequest@AgiReaderImplTest#testReadRequest/stage-3-complete/output_testMethods@testMethods_AgiReaderImplTest#testReadRequest@AgiReaderImplTest#testReadRequest_00020.log,a=org.asteriskjava.fastagi.internal.AgiRequestImpl.setLocalPort(I)V,b=org.asteriskjava.fastagi.AgiRequest.getLocalPort()I,3,,,
asterisk-java,AgiReaderImplTest#testReadRequest@AgiReaderImplTest#testReadRequest/stage-3-complete/output_testMethods@testMethods_AgiReaderImplTest#testReadRequest@AgiReaderImplTest#testReadRequest_00034.log,a=org.asteriskjava.fastagi.internal.AgiRequestImpl.setRemotePort(I)V,b=org.asteriskjava.fastagi.AgiRequest.getRemotePort()I,3,,,
asterisk-java,AsteriskAgentImplTest#testUpdateStatus@AsteriskAgentImplTest#testUpdateStatus/stage-3-complete/output_testMethods@testMethods_AsteriskAgentImplTest#testUpdateStatus@AsteriskAgentImplTest#testUpdateStatus_00006.log,a=org.asteriskjava.live.internal.AsteriskAgentImpl.addPropertyChangeListener(Ljava/beans/PropertyChangeListener;)V,b=org.asteriskjava.live.internal.AsteriskAgentImpl.firePropertyChange(Ljava/lang/String;Ljava/lang/Object;Ljava/lang/Object;)V,3,,,
asterisk-java,AsteriskAgentImplTest#testUpdateStatus@AsteriskAgentImplTest#testUpdateStatus/stage-3-complete/output_testMethods@testMethods_AsteriskAgentImplTest#testUpdateStatus@AsteriskAgentImplTest#testUpdateStatus_00007.log,a=org.asteriskjava.live.internal.AsteriskAgentImpl.addPropertyChangeListener(Ljava/beans/PropertyChangeListener;)V,b=org.asteriskjava.live.internal.AsteriskAgentImpl.updateState(Lorg/asteriskjava/live/AgentState;)V,3,,,
asterisk-java,AsteriskQueueMemberImplTest#testQueueMemberEvents@AsteriskQueueMemberImplTest#testQueueMemberEvents/stage-3-complete/output_testMethods@testMethods_AsteriskQueueMemberImplTest#testQueueMemberEvents@AsteriskQueueMemberImplTest#testQueueMemberEvents_00002.log,a=org.asteriskjava.live.internal.AsteriskQueueMemberImpl.addPropertyChangeListener(Ljava/beans/PropertyChangeListener;)V,b=org.asteriskjava.live.internal.AsteriskQueueMemberImpl.stateChanged(Lorg/asteriskjava/live/QueueMemberState;)Z,3,,,
asterisk-java,ManagerConnectionImplTest#testLogin@ManagerConnectionImplTest#testLogin/stage-3-complete/output_testMethods@testMethods_ManagerConnectionImplTest#testLogin@ManagerConnectionImplTest#testLogin_00006.log,a=org.asteriskjava.manager.action.LoginAction.getUsername()Ljava/lang/String;,b=org.asteriskjava.manager.action.LoginAction.getAuthType()Ljava/lang/String;,3,,,
asterisk-java,ManagerConnectionImplTest#testLogin@ManagerConnectionImplTest#testLogin/stage-3-complete/output_testMethods@testMethods_ManagerConnectionImplTest#testLogin@ManagerConnectionImplTest#testLogin_00007.log,a=org.asteriskjava.manager.action.LoginAction.getUsername()Ljava/lang/String;,b=org.asteriskjava.manager.action.LoginAction.getKey()Ljava/lang/String;,3,,,
asterisk-java,ActionBuilderImplTest#testBuildUserEventAction@ActionBuilderImplTest#testBuildUserEventAction/stage-3-complete/output_testMethods@testMethods_ActionBuilderImplTest#testBuildUserEventAction@ActionBuilderImplTest#testBuildUserEventAction_00006.log,a=org.asteriskjava.manager.action.UserEventAction.setUserEvent(Lorg/asteriskjava/manager/event/UserEvent;)V,b=org.asteriskjava.manager.action.UserEventAction.getUserEvent()Lorg/asteriskjava/manager/event/UserEvent;,3,,,
asterisk-java,EventBuilderImplTest#testBuildEventWithMixedCaseSetter@EventBuilderImplTest#testBuildEventWithMixedCaseSetter/stage-3-complete/output_testMethods@testMethods_EventBuilderImplTest#testBuildEventWithMixedCaseSetter@EventBuilderImplTest#testBuildEventWithMixedCaseSetter_00001.log,a=org.asteriskjava.manager.event.AbstractChannelEvent.setCallerIdNum(Ljava/lang/String;)V,b=org.asteriskjava.manager.event.NewChannelEvent.getCallerIdNum()Ljava/lang/String;,3,,,
asterisk-java,AsyncAgiEventTest#testDecodeEnv@AsyncAgiEventTest#testDecodeEnv/stage-3-complete/output_testMethods@testMethods_AsyncAgiEventTest#testDecodeEnv@AsyncAgiEventTest#testDecodeEnv_00003.log,a=org.asteriskjava.manager.event.AsyncAgiEvent.getEnv()Ljava/lang/String;,b=org.asteriskjava.manager.event.AsyncAgiEvent.decode(Ljava/lang/String;)Ljava/util/List;,3,,,
asterisk-java,AsyncAgiEventTest#testDecodeEnv@AsyncAgiEventTest#testDecodeEnv/stage-3-complete/output_testMethods@testMethods_AsyncAgiEventTest#testDecodeEnv@AsyncAgiEventTest#testDecodeEnv_00005.log,a=org.asteriskjava.manager.event.AsyncAgiEvent.setEnv(Ljava/lang/String;)V,b=org.asteriskjava.manager.event.AsyncAgiEvent.decodeEnv()Ljava/util/List;,3,,,
asterisk-java,AsyncAgiEventTest#testDecodeEnv@AsyncAgiEventTest#testDecodeEnv/stage-3-complete/output_testMethods@testMethods_AsyncAgiEventTest#testDecodeEnv@AsyncAgiEventTest#testDecodeEnv_00006.log,a=org.asteriskjava.manager.event.AsyncAgiEvent.setEnv(Ljava/lang/String;)V,b=org.asteriskjava.manager.event.AsyncAgiEvent.getEnv()Ljava/lang/String;,3,,,
asterisk-java,NewStateEventTest#testWithState@NewStateEventTest#testWithState/stage-3-complete/output_testMethods@testMethods_NewStateEventTest#testWithState@NewStateEventTest#testWithState_00005.log,a=org.asteriskjava.manager.event.NewStateEvent.setState(Ljava/lang/String;)V,b=org.asteriskjava.manager.event.NewStateEvent.getChannelState()Ljava/lang/Integer;,3,,,
asterisk-java,EventBuilderImplTest#testBuildEventWithOnePeerEntryEventList@EventBuilderImplTest#testBuildEventWithOnePeerEntryEventList/stage-3-complete/output_testMethods@testMethods_EventBuilderImplTest#testBuildEventWithOnePeerEntryEventList@EventBuilderImplTest#testBuildEventWithOnePeerEntryEventList_00004.log,a=org.asteriskjava.manager.event.PeersEvent.setActionId(Ljava/lang/String;)V,b=org.asteriskjava.manager.event.PeersEvent.getActionId()Ljava/lang/String;,3,,,
asterisk-java,RtcpReceivedEventTest#testRtt@RtcpReceivedEventTest#testRtt/stage-3-complete/output_testMethods@testMethods_RtcpReceivedEventTest#testRtt@RtcpReceivedEventTest#testRtt_00001.log,a=org.asteriskjava.manager.event.RtcpReceivedEvent.secStringToDouble(Ljava/lang/String;)Ljava/lang/Double;,b=org.asteriskjava.manager.event.RtcpReceivedEvent.getRtt()Ljava/lang/Double;,3,,,
asterisk-java,RtcpReceivedEventTest#testDlSr@RtcpReceivedEventTest#testDlSr/stage-3-complete/output_testMethods@testMethods_RtcpReceivedEventTest#testDlSr@RtcpReceivedEventTest#testDlSr_00003.log,a=org.asteriskjava.manager.event.RtcpReceivedEvent.setDlSr(Ljava/lang/String;)V,b=org.asteriskjava.manager.event.RtcpReceivedEvent.getDlSr()Ljava/lang/Double;,3,,,
asterisk-java,ManagerReaderImplTest#testWorkaroundForAsteriskBug13319@ManagerReaderImplTest#testWorkaroundForAsteriskBug13319/stage-3-complete/output_testMethods@testMethods_ManagerReaderImplTest#testWorkaroundForAsteriskBug13319@ManagerReaderImplTest#testWorkaroundForAsteriskBug13319_00008.log,a=org.asteriskjava.manager.event.RtcpReceivedEvent.stringToAddress(Ljava/lang/String;)Ljava/net/InetAddress;,b=org.asteriskjava.manager.event.RtcpReceivedEvent.getFromAddress()Ljava/net/InetAddress;,3,,,
asterisk-java,ManagerReaderImplTest#testWorkaroundForAsteriskBug13319@ManagerReaderImplTest#testWorkaroundForAsteriskBug13319/stage-3-complete/output_testMethods@testMethods_ManagerReaderImplTest#testWorkaroundForAsteriskBug13319@ManagerReaderImplTest#testWorkaroundForAsteriskBug13319_00011.log,a=org.asteriskjava.manager.event.RtcpReceivedEvent.stringToAddress(Ljava/lang/String;)Ljava/net/InetAddress;,b=org.asteriskjava.manager.event.RtcpReceivedEvent.stringToPort(Ljava/lang/String;)Ljava/lang/Integer;,3,,,
asterisk-java,ManagerReaderImplTest#testWorkaroundForAsteriskBug13319@ManagerReaderImplTest#testWorkaroundForAsteriskBug13319/stage-3-complete/output_testMethods@testMethods_ManagerReaderImplTest#testWorkaroundForAsteriskBug13319@ManagerReaderImplTest#testWorkaroundForAsteriskBug13319_00013.log,a=org.asteriskjava.manager.event.RtcpReceivedEvent.stringToPort(Ljava/lang/String;)Ljava/lang/Integer;,b=org.asteriskjava.manager.event.RtcpReceivedEvent.getFromAddress()Ljava/net/InetAddress;,3,,,
asterisk-java,ManagerReaderImplTest#testWorkaroundForAsteriskBug13319@ManagerReaderImplTest#testWorkaroundForAsteriskBug13319/stage-3-complete/output_testMethods@testMethods_ManagerReaderImplTest#testWorkaroundForAsteriskBug13319@ManagerReaderImplTest#testWorkaroundForAsteriskBug13319_00014.log,a=org.asteriskjava.manager.event.RtcpReceivedEvent.stringToPort(Ljava/lang/String;)Ljava/lang/Integer;,b=org.asteriskjava.manager.event.RtcpReceivedEvent.getFromPort()Ljava/lang/Integer;,3,,,
asterisk-java,SkypeBuddyStatusEventTest#testGetBuddySkypename@SkypeBuddyStatusEventTest#testGetBuddySkypename/stage-3-complete/output_testMethods@testMethods_SkypeBuddyStatusEventTest#testGetBuddySkypename@SkypeBuddyStatusEventTest#testGetBuddySkypename_00002.log,a=org.asteriskjava.manager.event.SkypeBuddyStatusEvent.setBuddy(Ljava/lang/String;)V,b=org.asteriskjava.manager.event.SkypeBuddyStatusEvent.buddyGroup(I)Ljava/lang/String;,3,,,
asterisk-java,SkypeChatMessageEventTest#testGetDecodedMessage@SkypeChatMessageEventTest#testGetDecodedMessage/stage-3-complete/output_testMethods@testMethods_SkypeChatMessageEventTest#testGetDecodedMessage@SkypeChatMessageEventTest#testGetDecodedMessage_00001.log,a=org.asteriskjava.manager.event.SkypeChatMessageEvent.setMessage(Ljava/lang/String;)V,b=org.asteriskjava.manager.event.SkypeChatMessageEvent.getDecodedMessage()Ljava/lang/String;,3,,,
asterisk-java,T38FaxStatusEventTest#testParseProperties@T38FaxStatusEventTest#testParseProperties/stage-3-complete/output_testMethods@testMethods_T38FaxStatusEventTest#testParseProperties@T38FaxStatusEventTest#testParseProperties_00025.log,a=org.asteriskjava.manager.event.T38FaxStatusEvent.setAverageRxDataRate(Ljava/lang/String;)V,b=org.asteriskjava.manager.event.T38FaxStatusEvent.getAverageRxDataRateInBps()Ljava/lang/Integer;,3,,,
asterisk-java,T38FaxStatusEventTest#testParseProperties@T38FaxStatusEventTest#testParseProperties/stage-3-complete/output_testMethods@testMethods_T38FaxStatusEventTest#testParseProperties@T38FaxStatusEventTest#testParseProperties_00032.log,a=org.asteriskjava.manager.event.T38FaxStatusEvent.setAverageTxDataRate(Ljava/lang/String;)V,b=org.asteriskjava.manager.event.T38FaxStatusEvent.getAverageTxDataRateInBps()Ljava/lang/Integer;,3,,,
asterisk-java,T38FaxStatusEventTest#testParseProperties@T38FaxStatusEventTest#testParseProperties/stage-3-complete/output_testMethods@testMethods_T38FaxStatusEventTest#testParseProperties@T38FaxStatusEventTest#testParseProperties_00040.log,a=org.asteriskjava.manager.event.T38FaxStatusEvent.setMaxLag(Ljava/lang/String;)V,b=org.asteriskjava.manager.event.T38FaxStatusEvent.getMaxLagInMilliSeconds()Ljava/lang/Integer;,3,,,
asterisk-java,T38FaxStatusEventTest#testParseProperties@T38FaxStatusEventTest#testParseProperties/stage-3-complete/output_testMethods@testMethods_T38FaxStatusEventTest#testParseProperties@T38FaxStatusEventTest#testParseProperties_00051.log,a=org.asteriskjava.manager.event.T38FaxStatusEvent.setT38SessionDuration(Ljava/lang/String;)V,b=org.asteriskjava.manager.event.T38FaxStatusEvent.getT38SessionDurationInSeconds()Ljava/lang/Double;,3,,,
asterisk-java,T38FaxStatusEventTest#testParseProperties@T38FaxStatusEventTest#testParseProperties/stage-3-complete/output_testMethods@testMethods_T38FaxStatusEventTest#testParseProperties@T38FaxStatusEventTest#testParseProperties_00061.log,a=org.asteriskjava.manager.event.T38FaxStatusEvent.setTotalLag(Ljava/lang/String;)V,b=org.asteriskjava.manager.event.T38FaxStatusEvent.getTotalLagInMilliSeconds()Ljava/lang/Integer;,3,,,
asterisk-java,ManagerReaderImplTest#testRunReceivingCommandResponse@ManagerReaderImplTest#testRunReceivingCommandResponse/stage-3-complete/output_testMethods@testMethods_ManagerReaderImplTest#testRunReceivingCommandResponse@ManagerReaderImplTest#testRunReceivingCommandResponse_00013.log,a=org.asteriskjava.manager.response.CommandResponse.setResult(Ljava/util/List;)V,b=org.asteriskjava.manager.response.CommandResponse.getResult()Ljava/util/List;,3,,,
asterisk-java,ManagerReaderImplTest#testRunReceivingCommandResponse@ManagerReaderImplTest#testRunReceivingCommandResponse/stage-3-complete/output_testMethods@testMethods_ManagerReaderImplTest#testRunReceivingCommandResponse@ManagerReaderImplTest#testRunReceivingCommandResponse_00032.log,a=org.asteriskjava.manager.response.ManagerResponse.setDateReceived(Ljava/util/Date;)V,b=org.asteriskjava.manager.response.ManagerResponse.getDateReceived()Ljava/util/Date;,3,,,
asterisk-java,SipShowPeerResponseTest#testSetMohsuggest@SipShowPeerResponseTest#testSetMohsuggest/stage-3-complete/output_testMethods@testMethods_SipShowPeerResponseTest#testSetMohsuggest@SipShowPeerResponseTest#testSetMohsuggest_00001.log,a=org.asteriskjava.manager.response.SipShowPeerResponse.setMohsuggest(Ljava/lang/String;)V,b=org.asteriskjava.manager.response.SipShowPeerResponse.getMohsuggest()Ljava/lang/String;,3,,,
asterisk-java,SipShowPeerResponseTest#testSetQualifyFreq@SipShowPeerResponseTest#testSetQualifyFreq/stage-3-complete/output_testMethods@testMethods_SipShowPeerResponseTest#testSetQualifyFreq@SipShowPeerResponseTest#testSetQualifyFreq_00001.log,a=org.asteriskjava.manager.response.SipShowPeerResponse.setQualifyFreq(Ljava/lang/String;)V,b=org.asteriskjava.manager.response.SipShowPeerResponse.getQualifyFreq()Ljava/lang/Integer;,3,,,
asterisk-java,SipShowPeerResponseTest#testSetQualifyFreq@SipShowPeerResponseTest#testSetQualifyFreq/stage-3-complete/output_testMethods@testMethods_SipShowPeerResponseTest#testSetQualifyFreq@SipShowPeerResponseTest#testSetQualifyFreq_00003.log,a=org.asteriskjava.manager.response.SipShowPeerResponse.stringToInteger(Ljava/lang/String;Ljava/lang/String;)Ljava/lang/Integer;,b=org.asteriskjava.manager.response.SipShowPeerResponse.getQualifyFreq()Ljava/lang/Integer;,3,,,
antlr.antlrworks,TestParser#testCodeGenPhase@TestParser#testCodeGenPhase/stage-3-complete/output_testMethods@testMethods_TestParser#testCodeGenPhase@TestParser#testCodeGenPhase_00031.log,a=org.antlr.works.editor.EditorInspector.getGrammarNameFromFile()Ljava/lang/String;,b=org.antlr.works.editor.EditorInspector.discoverDuplicateRules(Ljava/util/List;)V,3,,,
antlr.antlrworks,TestParser#testCodeGenPhase@TestParser#testCodeGenPhase/stage-3-complete/output_testMethods@testMethods_TestParser#testCodeGenPhase@TestParser#testCodeGenPhase_00032.log,a=org.antlr.works.editor.EditorInspector.getGrammarNameFromFile()Ljava/lang/String;,b=org.antlr.works.editor.EditorInspector.discoverInvalidCharLiteralTokens(Ljava/util/List;)V,3,,,
antlr.antlrworks,TestParser#testCodeGenPhase@TestParser#testCodeGenPhase/stage-3-complete/output_testMethods@testMethods_TestParser#testCodeGenPhase@TestParser#testCodeGenPhase_00033.log,a=org.antlr.works.editor.EditorInspector.getGrammarNameFromFile()Ljava/lang/String;,b=org.antlr.works.editor.EditorInspector.discoverUndefinedImports(Ljava/util/List;)V,3,,,
antlr.antlrworks,TestParser#testCodeGenPhase@TestParser#testCodeGenPhase/stage-3-complete/output_testMethods@testMethods_TestParser#testCodeGenPhase@TestParser#testCodeGenPhase_00034.log,a=org.antlr.works.editor.EditorInspector.getGrammarNameFromFile()Ljava/lang/String;,b=org.antlr.works.editor.EditorInspector.discoverUndefinedReferences(Ljava/util/List;)V,3,,,
antlr.antlrworks,TestParser#testGroups@TestParser#testGroups/stage-3-complete/output_testMethods@testMethods_TestParser#testGroups@TestParser#testGroups_00046.log,a=org.antlr.works.grammar.element.ElementBlock.parseForTokens()V,b=org.antlr.works.grammar.element.ElementBlock.getDeclaredTokens()Ljava/util/List;,3,,,
antlr.antlrworks,TestParser#testEmptyRewriteSyntax@TestParser#testEmptyRewriteSyntax/stage-2-f1-crash-postcond/output_testMethods@testMethods_TestParser#testEmptyRewriteSyntax@TestParser#testEmptyRewriteSyntax_00002.log,a=org.antlr.works.ate.syntax.generic.ATESyntaxLexer.matchComplexComment()Lorg/antlr/works/ate/syntax/misc/ATEToken;,b=org.antlr.works.ate.syntax.generic.ATESyntaxLexer.getTokens()Ljava/util/List;,2,,,
antlr.antlrworks,TestParser#testEmptyRewriteSyntax@TestParser#testEmptyRewriteSyntax/stage-3-complete/output_testMethods@testMethods_TestParser#testEmptyRewriteSyntax@TestParser#testEmptyRewriteSyntax_00003.log,a=org.antlr.works.ate.syntax.generic.ATESyntaxLexer.matchComplexComment()Lorg/antlr/works/ate/syntax/misc/ATEToken;,b=org.antlr.works.ate.syntax.generic.ATESyntaxLexer.matchDoubleQuoteString()Lorg/antlr/works/ate/syntax/misc/ATEToken;,3,,,
wildfly.jandex,BasicTestCase#testWriteRead@BasicTestCase#testWriteRead/stage-3-complete/output_testMethods@testMethods_BasicTestCase#testWriteRead@BasicTestCase#testWriteRead_00011.log,a=org.jboss.jandex.ClassInfo.setMethodArray([Lorg/jboss/jandex/MethodInternal;)V,b=org.jboss.jandex.ClassInfo.method(Ljava/lang/String;[Lorg/jboss/jandex/Type;)Lorg/jboss/jandex/MethodInfo;,3,,,
wildfly.jandex,BasicTestCase#testIndexer@BasicTestCase#testIndexer/stage-3-complete/output_testMethods@testMethods_BasicTestCase#testIndexer@BasicTestCase#testIndexer_00012.log,a=org.jboss.jandex.ClassInfo.setMethods(Ljava/util/List;Lorg/jboss/jandex/NameTable;)V,b=org.jboss.jandex.ClassInfo.method(Ljava/lang/String;[Lorg/jboss/jandex/Type;)Lorg/jboss/jandex/MethodInfo;,3,,,
wildfly.jandex,TypeAnnotationTestCase#testIndexer@TypeAnnotationTestCase#testIndexer/stage-3-complete/output_testMethods@testMethods_TypeAnnotationTestCase#testIndexer@TypeAnnotationTestCase#testIndexer_00008.log,a=org.jboss.jandex.GenericSignatureParser$ClassSignature.superClass()Lorg/jboss/jandex/Type;,b=org.jboss.jandex.GenericSignatureParser$ClassSignature.parameters()[Lorg/jboss/jandex/Type;,3,,,
wildfly.jandex,TypeAnnotationTestCase#testIndexer@TypeAnnotationTestCase#testIndexer/stage-3-complete/output_testMethods@testMethods_TypeAnnotationTestCase#testIndexer@TypeAnnotationTestCase#testIndexer_00012.log,a=org.jboss.jandex.GenericSignatureParser$MethodSignature.returnType()Lorg/jboss/jandex/Type;,b=org.jboss.jandex.GenericSignatureParser$MethodSignature.throwables()[Lorg/jboss/jandex/Type;,3,,,
wildfly.jandex,TypeAnnotationTestCase#testIndexer@TypeAnnotationTestCase#testIndexer/stage-3-complete/output_testMethods@testMethods_TypeAnnotationTestCase#testIndexer@TypeAnnotationTestCase#testIndexer_00013.log,a=org.jboss.jandex.GenericSignatureParser$MethodSignature.returnType()Lorg/jboss/jandex/Type;,b=org.jboss.jandex.GenericSignatureParser$MethodSignature.typeParameters()[Lorg/jboss/jandex/Type;,3,,,
wildfly.jandex,BasicTestCase#testWriteReadPreviousVersion@BasicTestCase#testWriteReadPreviousVersion/stage-1-f2-crash-precond/output_testMethods@testMethods_BasicTestCase#testWriteReadPreviousVersion@BasicTestCase#testWriteReadPreviousVersion_00018.log,a=org.jboss.jandex.IndexReaderV1.readClassTable(Lorg/jboss/jandex/PackedDataInputStream;)V,b=org.jboss.jandex.IndexReaderV1.readStringTable(Lorg/jboss/jandex/PackedDataInputStream;)V,1,,,
wildfly.jandex,BasicTestCase#testWriteReadPreviousVersion@BasicTestCase#testWriteReadPreviousVersion/stage-1-f2-crash-precond/output_testMethods@testMethods_BasicTestCase#testWriteReadPreviousVersion@BasicTestCase#testWriteReadPreviousVersion_00021.log,a=org.jboss.jandex.IndexReaderV1.readStringTable(Lorg/jboss/jandex/PackedDataInputStream;)V,b=org.jboss.jandex.IndexReaderV1.readClasses(Lorg/jboss/jandex/PackedDataInputStream;I)Lorg/jboss/jandex/Index;,1,,,
wildfly.jandex,BasicTestCase#testWriteRead@BasicTestCase#testWriteRead/stage-1-f2-crash-precond/output_testMethods@testMethods_BasicTestCase#testWriteRead@BasicTestCase#testWriteRead_00045.log,a=org.jboss.jandex.IndexReaderV2.readByteTable(Lorg/jboss/jandex/PackedDataInputStream;)V,b=org.jboss.jandex.IndexReaderV2.readStringTable(Lorg/jboss/jandex/PackedDataInputStream;)V,1,,,
wildfly.jandex,BasicTestCase#testWriteRead@BasicTestCase#testWriteRead/stage-1-f2-crash-precond/output_testMethods@testMethods_BasicTestCase#testWriteRead@BasicTestCase#testWriteRead_00061.log,a=org.jboss.jandex.IndexReaderV2.readFieldTable(Lorg/jboss/jandex/PackedDataInputStream;)V,b=org.jboss.jandex.IndexReaderV2.readClasses(Lorg/jboss/jandex/PackedDataInputStream;III)Lorg/jboss/jandex/Index;,1,,,
wildfly.jandex,BasicTestCase#testWriteRead@BasicTestCase#testWriteRead/stage-2-f1-crash-postcond/output_testMethods@testMethods_BasicTestCase#testWriteRead@BasicTestCase#testWriteRead_00068.log,a=org.jboss.jandex.IndexReaderV2.readMethodTable(Lorg/jboss/jandex/PackedDataInputStream;)V,b=org.jboss.jandex.IndexReaderV2.readFieldTable(Lorg/jboss/jandex/PackedDataInputStream;)V,2,,,
wildfly.jandex,BasicTestCase#testWriteRead@BasicTestCase#testWriteRead/stage-1-f2-crash-precond/output_testMethods@testMethods_BasicTestCase#testWriteRead@BasicTestCase#testWriteRead_00077.log,a=org.jboss.jandex.IndexReaderV2.readNameTable(Lorg/jboss/jandex/PackedDataInputStream;)V,b=org.jboss.jandex.IndexReaderV2.readTypeTable(Lorg/jboss/jandex/PackedDataInputStream;)V,1,,,
wildfly.jandex,BasicTestCase#testWriteRead@BasicTestCase#testWriteRead/stage-1-f2-crash-precond/output_testMethods@testMethods_BasicTestCase#testWriteRead@BasicTestCase#testWriteRead_00085.log,a=org.jboss.jandex.IndexReaderV2.readStringTable(Lorg/jboss/jandex/PackedDataInputStream;)V,b=org.jboss.jandex.IndexReaderV2.readNameTable(Lorg/jboss/jandex/PackedDataInputStream;)V,1,,,
wildfly.jandex,BasicTestCase#testWriteRead@BasicTestCase#testWriteRead/stage-3-complete/output_testMethods@testMethods_BasicTestCase#testWriteRead@BasicTestCase#testWriteRead_00094.log,a=org.jboss.jandex.IndexReaderV2.readTypeListTable(Lorg/jboss/jandex/PackedDataInputStream;)V,b=org.jboss.jandex.IndexReaderV2.readMethodTable(Lorg/jboss/jandex/PackedDataInputStream;)V,3,,,
wildfly.jandex,BasicTestCase#testWriteRead@BasicTestCase#testWriteRead/stage-1-f2-crash-precond/output_testMethods@testMethods_BasicTestCase#testWriteRead@BasicTestCase#testWriteRead_00102.log,a=org.jboss.jandex.IndexReaderV2.readTypeTable(Lorg/jboss/jandex/PackedDataInputStream;)V,b=org.jboss.jandex.IndexReaderV2.readTypeListTable(Lorg/jboss/jandex/PackedDataInputStream;)V,1,,,
wildfly.jandex,BasicTestCase#testWriteReadPreviousVersion@BasicTestCase#testWriteReadPreviousVersion/stage-1-f2-crash-precond/output_testMethods@testMethods_BasicTestCase#testWriteReadPreviousVersion@BasicTestCase#testWriteReadPreviousVersion_00029.log,a=org.jboss.jandex.IndexWriterV1.buildTables(Lorg/jboss/jandex/Index;)V,b=org.jboss.jandex.IndexWriterV1.writeClassTable(Lorg/jboss/jandex/PackedDataOutputStream;)V,1,,,
wildfly.jandex,BasicTestCase#testWriteReadPreviousVersion@BasicTestCase#testWriteReadPreviousVersion/stage-1-f2-crash-precond/output_testMethods@testMethods_BasicTestCase#testWriteReadPreviousVersion@BasicTestCase#testWriteReadPreviousVersion_00032.log,a=org.jboss.jandex.IndexWriterV1.writeClassTable(Lorg/jboss/jandex/PackedDataOutputStream;)V,b=org.jboss.jandex.IndexWriterV1.writeClasses(Lorg/jboss/jandex/PackedDataOutputStream;Lorg/jboss/jandex/Index;I)V,1,,,
wildfly.jandex,BasicTestCase#testWriteReadPreviousVersion@BasicTestCase#testWriteReadPreviousVersion/stage-3-complete/output_testMethods@testMethods_BasicTestCase#testWriteReadPreviousVersion@BasicTestCase#testWriteReadPreviousVersion_00033.log,a=org.jboss.jandex.IndexWriterV1.writeClassTable(Lorg/jboss/jandex/PackedDataOutputStream;)V,b=org.jboss.jandex.IndexWriterV1.writeStringTable(Lorg/jboss/jandex/PackedDataOutputStream;)V,3,,,
wildfly.jandex,BasicTestCase#testWriteReadPreviousVersion@BasicTestCase#testWriteReadPreviousVersion/stage-3-complete/output_testMethods@testMethods_BasicTestCase#testWriteReadPreviousVersion@BasicTestCase#testWriteReadPreviousVersion_00034.log,a=org.jboss.jandex.IndexWriterV1.writeStringTable(Lorg/jboss/jandex/PackedDataOutputStream;)V,b=org.jboss.jandex.IndexWriterV1.writeClasses(Lorg/jboss/jandex/PackedDataOutputStream;Lorg/jboss/jandex/Index;I)V,3,,,
wildfly.jandex,BasicTestCase#testWriteRead@BasicTestCase#testWriteRead/stage-1-f2-crash-precond/output_testMethods@testMethods_BasicTestCase#testWriteRead@BasicTestCase#testWriteRead_00166.log,a=org.jboss.jandex.IndexWriterV2.buildTables(Lorg/jboss/jandex/Index;)V,b=org.jboss.jandex.IndexWriterV2.writeByteTable(Lorg/jboss/jandex/PackedDataOutputStream;)V,1,,,
wildfly.jandex,BasicTestCase#testWriteRead@BasicTestCase#testWriteRead/stage-3-complete/output_testMethods@testMethods_BasicTestCase#testWriteRead@BasicTestCase#testWriteRead_00176.log,a=org.jboss.jandex.IndexWriterV2.writeByteTable(Lorg/jboss/jandex/PackedDataOutputStream;)V,b=org.jboss.jandex.IndexWriterV2.writeClasses(Lorg/jboss/jandex/PackedDataOutputStream;Lorg/jboss/jandex/Index;)V,3,,,
wildfly.jandex,BasicTestCase#testWriteRead@BasicTestCase#testWriteRead/stage-3-complete/output_testMethods@testMethods_BasicTestCase#testWriteRead@BasicTestCase#testWriteRead_00177.log,a=org.jboss.jandex.IndexWriterV2.writeByteTable(Lorg/jboss/jandex/PackedDataOutputStream;)V,b=org.jboss.jandex.IndexWriterV2.writeFieldTable(Lorg/jboss/jandex/PackedDataOutputStream;)V,3,,,
wildfly.jandex,BasicTestCase#testWriteRead@BasicTestCase#testWriteRead/stage-3-complete/output_testMethods@testMethods_BasicTestCase#testWriteRead@BasicTestCase#testWriteRead_00178.log,a=org.jboss.jandex.IndexWriterV2.writeByteTable(Lorg/jboss/jandex/PackedDataOutputStream;)V,b=org.jboss.jandex.IndexWriterV2.writeMethodTable(Lorg/jboss/jandex/PackedDataOutputStream;)V,3,,,
wildfly.jandex,BasicTestCase#testWriteRead@BasicTestCase#testWriteRead/stage-3-complete/output_testMethods@testMethods_BasicTestCase#testWriteRead@BasicTestCase#testWriteRead_00179.log,a=org.jboss.jandex.IndexWriterV2.writeByteTable(Lorg/jboss/jandex/PackedDataOutputStream;)V,b=org.jboss.jandex.IndexWriterV2.writeNameTable(Lorg/jboss/jandex/PackedDataOutputStream;)V,3,,,
wildfly.jandex,BasicTestCase#testWriteRead@BasicTestCase#testWriteRead/stage-3-complete/output_testMethods@testMethods_BasicTestCase#testWriteRead@BasicTestCase#testWriteRead_00180.log,a=org.jboss.jandex.IndexWriterV2.writeByteTable(Lorg/jboss/jandex/PackedDataOutputStream;)V,b=org.jboss.jandex.IndexWriterV2.writeStringTable(Lorg/jboss/jandex/PackedDataOutputStream;)V,3,,,
wildfly.jandex,BasicTestCase#testWriteRead@BasicTestCase#testWriteRead/stage-3-complete/output_testMethods@testMethods_BasicTestCase#testWriteRead@BasicTestCase#testWriteRead_00181.log,a=org.jboss.jandex.IndexWriterV2.writeByteTable(Lorg/jboss/jandex/PackedDataOutputStream;)V,b=org.jboss.jandex.IndexWriterV2.writeTypeListTable(Lorg/jboss/jandex/PackedDataOutputStream;)V,3,,,
wildfly.jandex,BasicTestCase#testWriteRead@BasicTestCase#testWriteRead/stage-3-complete/output_testMethods@testMethods_BasicTestCase#testWriteRead@BasicTestCase#testWriteRead_00182.log,a=org.jboss.jandex.IndexWriterV2.writeByteTable(Lorg/jboss/jandex/PackedDataOutputStream;)V,b=org.jboss.jandex.IndexWriterV2.writeTypeTable(Lorg/jboss/jandex/PackedDataOutputStream;)V,3,,,
wildfly.jandex,BasicTestCase#testWriteRead@BasicTestCase#testWriteRead/stage-3-complete/output_testMethods@testMethods_BasicTestCase#testWriteRead@BasicTestCase#testWriteRead_00185.log,a=org.jboss.jandex.IndexWriterV2.writeFieldTable(Lorg/jboss/jandex/PackedDataOutputStream;)V,b=org.jboss.jandex.IndexWriterV2.writeClasses(Lorg/jboss/jandex/PackedDataOutputStream;Lorg/jboss/jandex/Index;)V,3,,,
wildfly.jandex,BasicTestCase#testWriteRead@BasicTestCase#testWriteRead/stage-3-complete/output_testMethods@testMethods_BasicTestCase#testWriteRead@BasicTestCase#testWriteRead_00187.log,a=org.jboss.jandex.IndexWriterV2.writeMethodTable(Lorg/jboss/jandex/PackedDataOutputStream;)V,b=org.jboss.jandex.IndexWriterV2.writeClasses(Lorg/jboss/jandex/PackedDataOutputStream;Lorg/jboss/jandex/Index;)V,3,,,
wildfly.jandex,BasicTestCase#testWriteRead@BasicTestCase#testWriteRead/stage-3-complete/output_testMethods@testMethods_BasicTestCase#testWriteRead@BasicTestCase#testWriteRead_00188.log,a=org.jboss.jandex.IndexWriterV2.writeMethodTable(Lorg/jboss/jandex/PackedDataOutputStream;)V,b=org.jboss.jandex.IndexWriterV2.writeFieldTable(Lorg/jboss/jandex/PackedDataOutputStream;)V,3,,,
wildfly.jandex,BasicTestCase#testWriteRead@BasicTestCase#testWriteRead/stage-1-f2-crash-precond/output_testMethods@testMethods_BasicTestCase#testWriteRead@BasicTestCase#testWriteRead_00194.log,a=org.jboss.jandex.IndexWriterV2.writeNameTable(Lorg/jboss/jandex/PackedDataOutputStream;)V,b=org.jboss.jandex.IndexWriterV2.writeTypeTable(Lorg/jboss/jandex/PackedDataOutputStream;)V,1,,,
wildfly.jandex,BasicTestCase#testWriteRead@BasicTestCase#testWriteRead/stage-3-complete/output_testMethods@testMethods_BasicTestCase#testWriteRead@BasicTestCase#testWriteRead_00196.log,a=org.jboss.jandex.IndexWriterV2.writeStringTable(Lorg/jboss/jandex/PackedDataOutputStream;)V,b=org.jboss.jandex.IndexWriterV2.writeClasses(Lorg/jboss/jandex/PackedDataOutputStream;Lorg/jboss/jandex/Index;)V,3,,,
wildfly.jandex,BasicTestCase#testWriteRead@BasicTestCase#testWriteRead/stage-3-complete/output_testMethods@testMethods_BasicTestCase#testWriteRead@BasicTestCase#testWriteRead_00197.log,a=org.jboss.jandex.IndexWriterV2.writeStringTable(Lorg/jboss/jandex/PackedDataOutputStream;)V,b=org.jboss.jandex.IndexWriterV2.writeFieldTable(Lorg/jboss/jandex/PackedDataOutputStream;)V,3,,,
wildfly.jandex,BasicTestCase#testWriteRead@BasicTestCase#testWriteRead/stage-3-complete/output_testMethods@testMethods_BasicTestCase#testWriteRead@BasicTestCase#testWriteRead_00198.log,a=org.jboss.jandex.IndexWriterV2.writeStringTable(Lorg/jboss/jandex/PackedDataOutputStream;)V,b=org.jboss.jandex.IndexWriterV2.writeMethodTable(Lorg/jboss/jandex/PackedDataOutputStream;)V,3,,,
wildfly.jandex,BasicTestCase#testWriteRead@BasicTestCase#testWriteRead/stage-3-complete/output_testMethods@testMethods_BasicTestCase#testWriteRead@BasicTestCase#testWriteRead_00199.log,a=org.jboss.jandex.IndexWriterV2.writeStringTable(Lorg/jboss/jandex/PackedDataOutputStream;)V,b=org.jboss.jandex.IndexWriterV2.writeNameTable(Lorg/jboss/jandex/PackedDataOutputStream;)V,3,,,
wildfly.jandex,BasicTestCase#testWriteRead@BasicTestCase#testWriteRead/stage-3-complete/output_testMethods@testMethods_BasicTestCase#testWriteRead@BasicTestCase#testWriteRead_00200.log,a=org.jboss.jandex.IndexWriterV2.writeStringTable(Lorg/jboss/jandex/PackedDataOutputStream;)V,b=org.jboss.jandex.IndexWriterV2.writeTypeListTable(Lorg/jboss/jandex/PackedDataOutputStream;)V,3,,,
wildfly.jandex,BasicTestCase#testWriteRead@BasicTestCase#testWriteRead/stage-3-complete/output_testMethods@testMethods_BasicTestCase#testWriteRead@BasicTestCase#testWriteRead_00201.log,a=org.jboss.jandex.IndexWriterV2.writeStringTable(Lorg/jboss/jandex/PackedDataOutputStream;)V,b=org.jboss.jandex.IndexWriterV2.writeTypeTable(Lorg/jboss/jandex/PackedDataOutputStream;)V,3,,,
wildfly.jandex,BasicTestCase#testWriteRead@BasicTestCase#testWriteRead/stage-3-complete/output_testMethods@testMethods_BasicTestCase#testWriteRead@BasicTestCase#testWriteRead_00203.log,a=org.jboss.jandex.IndexWriterV2.writeTypeListTable(Lorg/jboss/jandex/PackedDataOutputStream;)V,b=org.jboss.jandex.IndexWriterV2.writeClasses(Lorg/jboss/jandex/PackedDataOutputStream;Lorg/jboss/jandex/Index;)V,3,,,
wildfly.jandex,BasicTestCase#testWriteRead@BasicTestCase#testWriteRead/stage-3-complete/output_testMethods@testMethods_BasicTestCase#testWriteRead@BasicTestCase#testWriteRead_00204.log,a=org.jboss.jandex.IndexWriterV2.writeTypeListTable(Lorg/jboss/jandex/PackedDataOutputStream;)V,b=org.jboss.jandex.IndexWriterV2.writeFieldTable(Lorg/jboss/jandex/PackedDataOutputStream;)V,3,,,
wildfly.jandex,BasicTestCase#testWriteRead@BasicTestCase#testWriteRead/stage-3-complete/output_testMethods@testMethods_BasicTestCase#testWriteRead@BasicTestCase#testWriteRead_00205.log,a=org.jboss.jandex.IndexWriterV2.writeTypeListTable(Lorg/jboss/jandex/PackedDataOutputStream;)V,b=org.jboss.jandex.IndexWriterV2.writeMethodTable(Lorg/jboss/jandex/PackedDataOutputStream;)V,3,,,
wildfly.jandex,BasicTestCase#testWriteRead@BasicTestCase#testWriteRead/stage-3-complete/output_testMethods@testMethods_BasicTestCase#testWriteRead@BasicTestCase#testWriteRead_00207.log,a=org.jboss.jandex.IndexWriterV2.writeTypeTable(Lorg/jboss/jandex/PackedDataOutputStream;)V,b=org.jboss.jandex.IndexWriterV2.writeClasses(Lorg/jboss/jandex/PackedDataOutputStream;Lorg/jboss/jandex/Index;)V,3,,,
wildfly.jandex,BasicTestCase#testWriteRead@BasicTestCase#testWriteRead/stage-3-complete/output_testMethods@testMethods_BasicTestCase#testWriteRead@BasicTestCase#testWriteRead_00208.log,a=org.jboss.jandex.IndexWriterV2.writeTypeTable(Lorg/jboss/jandex/PackedDataOutputStream;)V,b=org.jboss.jandex.IndexWriterV2.writeFieldTable(Lorg/jboss/jandex/PackedDataOutputStream;)V,3,,,
wildfly.jandex,BasicTestCase#testWriteRead@BasicTestCase#testWriteRead/stage-3-complete/output_testMethods@testMethods_BasicTestCase#testWriteRead@BasicTestCase#testWriteRead_00209.log,a=org.jboss.jandex.IndexWriterV2.writeTypeTable(Lorg/jboss/jandex/PackedDataOutputStream;)V,b=org.jboss.jandex.IndexWriterV2.writeMethodTable(Lorg/jboss/jandex/PackedDataOutputStream;)V,3,,,
wildfly.jandex,BasicTestCase#testWriteRead@BasicTestCase#testWriteRead/stage-3-complete/output_testMethods@testMethods_BasicTestCase#testWriteRead@BasicTestCase#testWriteRead_00210.log,a=org.jboss.jandex.IndexWriterV2.writeTypeTable(Lorg/jboss/jandex/PackedDataOutputStream;)V,b=org.jboss.jandex.IndexWriterV2.writeTypeListTable(Lorg/jboss/jandex/PackedDataOutputStream;)V,3,,,
wildfly.jandex,BasicTestCase#testWriteRead@BasicTestCase#testWriteRead/stage-3-complete/output_testMethods@testMethods_BasicTestCase#testWriteRead@BasicTestCase#testWriteRead_00359.log,a=org.jboss.jandex.PackedDataOutputStream.writeInt(I)V,b=org.jboss.jandex.PackedDataOutputStream.flush()V,3,,,
wildfly.jandex,BasicTestCase#testWriteRead@BasicTestCase#testWriteRead/stage-3-complete/output_testMethods@testMethods_BasicTestCase#testWriteRead@BasicTestCase#testWriteRead_00360.log,a=org.jboss.jandex.PackedDataOutputStream.writeInt(I)V,b=org.jboss.jandex.PackedDataOutputStream.size()I,3,,,
wildfly.jandex,BasicTestCase#testWriteRead@BasicTestCase#testWriteRead/stage-3-complete/output_testMethods@testMethods_BasicTestCase#testWriteRead@BasicTestCase#testWriteRead_00364.log,a=org.jboss.jandex.StrongInternPool.size()I,b=org.jboss.jandex.StrongInternPool.iterator()Ljava/util/Iterator;,3,,,
