spec,test,#-NOT_RUN,#-FIRST_DELAYED,#-BEFORE_SECOND,#-SECOND_EXECUTED,#-COMPLETE,total,is_second_not_run
00013,DiskFileUploadTest,0,3,0,0,0,3,0
00016,DiskFileUploadTest,0,3,0,0,0,3,0
00028,DiskFileItemSerializeTest,0,2,0,0,0,2,0
00030,DiskFileItemSerializeTest,0,0,0,0,2,2,0
00036,DiskFileItemSerializeTest,0,0,0,0,2,2,0
00039,all-tests,0,2,0,0,0,2,0
00040,StreamingTest,0,2,0,0,0,2,0
00058,all-tests,0,4,0,0,0,4,0
00059,SizesTest#testFileSizeLimit,1,0,1,0,0,2,1
00059,SizesTest,0,0,2,0,0,2,0
00059,SizesTest#testFileSizeLimitWithFakedContentLength,1,0,1,0,0,2,1
00072,all-tests,0,2,0,0,0,2,0
00073,all-tests,0,2,0,0,0,2,0
00074,all-tests,0,2,0,0,0,2,0
00078,DiskFileItemSerializeTest,0,1,0,0,1,2,0
00079,DiskFileItemSerializeTest,0,1,0,0,1,2,0
00086,DiskFileItemSerializeTest,0,1,0,0,1,2,0
00087,SizesTest#testFileSizeLimit,0,0,0,0,2,2,0
00087,SizesTest,0,0,0,0,5,5,0
00087,SizesTest#testFileSizeLimitWithFakedContentLength,0,0,0,0,2,2,0
00122,SizesTest#testMaxSizeLimitUnknownContentLength,0,0,0,0,2,2,0
00122,SizesTest,0,0,0,0,3,3,0
00150,StreamingTest#testInvalidFileNameException,1,1,0,0,0,2,1
00150,StreamingTest,0,2,0,0,0,2,0
00187,StreamingTest#testInvalidFileNameException,0,0,0,0,2,2,0
00187,StreamingTest,0,0,0,0,2,2,0
00193,StreamingTest#testInvalidFileNameException,0,0,0,0,2,2,0
00193,StreamingTest,0,0,0,0,2,2,0
00218,ProgressListenerTest#testProgressListener,2,1,0,0,0,3,1
00218,StreamingTest#testFILEUPLOAD135,2,1,0,0,0,3,1
00218,SizesTest#testFileUpload,2,1,0,0,0,3,1
00218,ProgressListenerTest,2,1,0,0,0,3,1
00218,DiskFileUploadTest,1,2,0,0,0,3,0
00218,SizesTest#testMaxSizeLimitUnknownContentLength,2,1,0,0,0,3,1
00218,StreamingTest#testInvalidFileNameException,2,1,0,0,0,3,1
00218,StreamingTest,0,3,0,0,0,3,0
00218,StreamingTest#testFileUpload,2,1,0,0,0,3,1
00218,SizesTest#testFileSizeLimit,2,1,0,0,0,3,1
00218,SizesTest,0,3,0,0,0,3,0
00218,StreamingTest#testFileUploadException,2,1,0,0,0,3,1
00218,SizesTest#testFileSizeLimitWithFakedContentLength,2,1,0,0,0,3,1
00218,DiskFileUploadTest#testMoveFile,2,1,0,0,0,3,1
00219,ProgressListenerTest#testProgressListener,2,1,0,0,0,3,1
00219,StreamingTest#testFILEUPLOAD135,2,1,0,0,0,3,1
00219,SizesTest#testFileUpload,2,1,0,0,0,3,1
00219,ProgressListenerTest,2,1,0,0,0,3,1
00219,DiskFileUploadTest,1,2,0,0,0,3,0
00219,SizesTest#testMaxSizeLimitUnknownContentLength,2,1,0,0,0,3,1
00219,StreamingTest#testInvalidFileNameException,2,1,0,0,0,3,1
00219,StreamingTest,0,3,0,0,0,3,0
00219,StreamingTest#testFileUpload,2,1,0,0,0,3,1
00219,SizesTest#testFileSizeLimit,2,1,0,0,0,3,1
00219,SizesTest,0,3,0,0,0,3,0
00219,StreamingTest#testFileUploadException,2,1,0,0,0,3,1
00219,SizesTest#testFileSizeLimitWithFakedContentLength,2,1,0,0,0,3,1
00219,DiskFileUploadTest#testMoveFile,2,1,0,0,0,3,1
00220,ProgressListenerTest#testProgressListener,2,1,0,0,0,3,1
00220,StreamingTest#testFILEUPLOAD135,2,1,0,0,0,3,1
00220,SizesTest#testFileUpload,2,1,0,0,0,3,1
00220,ProgressListenerTest,2,1,0,0,0,3,1
00220,StreamingTest#testFileUpload,2,1,0,0,0,3,1
00220,StreamingTest#testFileUploadException,2,1,0,0,0,3,1
00237,ProgressListenerTest#testProgressListener,0,0,0,0,3,3,0
00237,StreamingTest#testFILEUPLOAD135,0,0,0,0,3,3,0
00237,SizesTest#testFileUpload,0,0,0,0,3,3,0
00237,ProgressListenerTest,0,0,0,0,3,3,0
00237,DiskFileUploadTest,0,0,0,0,3,3,0
00237,SizesTest#testMaxSizeLimitUnknownContentLength,0,0,0,0,3,3,0
00237,StreamingTest#testInvalidFileNameException,0,0,0,0,3,3,0
00237,StreamingTest,0,0,0,0,3,3,0
00237,StreamingTest#testFileUpload,0,0,0,0,3,3,0
00237,SizesTest#testFileSizeLimit,0,0,0,0,3,3,0
00237,SizesTest,0,0,0,0,3,3,0
00237,StreamingTest#testFileUploadException,0,0,0,0,3,3,0
00237,SizesTest#testFileSizeLimitWithFakedContentLength,0,0,0,0,3,3,0
00237,DiskFileUploadTest#testMoveFile,0,0,0,0,3,3,0
00239,ProgressListenerTest#testProgressListener,0,0,0,0,3,3,0
00239,StreamingTest#testFILEUPLOAD135,0,0,0,0,3,3,0
00239,SizesTest#testFileUpload,0,0,0,0,3,3,0
00239,ProgressListenerTest,0,0,0,0,3,3,0
00239,DiskFileUploadTest,0,0,0,0,3,3,0
00239,SizesTest#testMaxSizeLimitUnknownContentLength,0,0,0,0,3,3,0
00239,StreamingTest#testInvalidFileNameException,0,0,0,0,3,3,0
00239,StreamingTest,0,0,0,0,3,3,0
00239,StreamingTest#testFileUpload,0,0,0,0,3,3,0
00239,SizesTest#testFileSizeLimit,0,0,0,0,3,3,0
00239,SizesTest,0,0,0,0,3,3,0
00239,StreamingTest#testFileUploadException,0,0,0,0,3,3,0
00239,SizesTest#testFileSizeLimitWithFakedContentLength,0,0,0,0,3,3,0
00239,DiskFileUploadTest#testMoveFile,0,0,0,0,3,3,0
00240,ProgressListenerTest#testProgressListener,0,0,0,0,3,3,0
00240,StreamingTest#testFILEUPLOAD135,0,0,0,0,3,3,0
00240,SizesTest#testFileUpload,0,0,0,0,3,3,0
00240,ProgressListenerTest,0,0,0,0,3,3,0
00240,DiskFileUploadTest,0,0,0,0,3,3,0
00240,SizesTest#testMaxSizeLimitUnknownContentLength,0,0,0,0,3,3,0
00240,StreamingTest#testInvalidFileNameException,0,0,0,0,3,3,0
00240,StreamingTest,0,0,0,0,3,3,0
00240,StreamingTest#testFileUpload,0,0,0,0,3,3,0
00240,SizesTest#testFileSizeLimit,0,0,0,0,3,3,0
00240,SizesTest,0,0,0,0,3,3,0
00240,StreamingTest#testFileUploadException,0,0,0,0,3,3,0
00240,SizesTest#testFileSizeLimitWithFakedContentLength,0,0,0,0,3,3,0
00240,DiskFileUploadTest#testMoveFile,0,0,0,0,3,3,0
00241,ProgressListenerTest#testProgressListener,0,0,0,0,3,3,0
00241,StreamingTest#testFILEUPLOAD135,0,0,0,0,3,3,0
00241,SizesTest#testFileUpload,0,0,0,0,3,3,0
00241,ProgressListenerTest,0,0,0,0,3,3,0
00241,StreamingTest#testFileUpload,0,0,0,0,3,3,0
00241,StreamingTest#testFileUploadException,0,0,0,0,3,3,0
00250,all-tests,0,0,0,0,2,2,0
00250,SizesTest,0,0,0,0,2,2,0
00280,SizesTest#testFileSizeLimit,0,0,0,0,2,2,0
00280,SizesTest,0,0,0,0,2,2,0
00280,SizesTest#testFileSizeLimitWithFakedContentLength,0,0,0,0,2,2,0
00292,SizesTest#testFileSizeLimit,0,0,0,0,2,2,0
00292,SizesTest,0,0,0,0,2,2,0
00292,SizesTest#testFileSizeLimitWithFakedContentLength,0,0,0,0,2,2,0
00296,SizesTest#testFileSizeLimit,2,1,0,0,0,3,1
00296,SizesTest#testFileSizeLimitWithFakedContentLength,3,1,0,0,0,4,1
00297,SizesTest#testFileSizeLimit,2,1,0,0,0,3,1
00297,SizesTest#testFileSizeLimitWithFakedContentLength,3,1,0,0,0,4,1
00298,SizesTest#testFileSizeLimit,2,1,0,0,0,3,1
00298,SizesTest#testFileSizeLimitWithFakedContentLength,3,1,0,0,0,4,1
00299,SizesTest#testFileSizeLimit,2,1,0,0,0,3,1
00300,SizesTest#testFileSizeLimit,2,1,0,0,0,3,1
00300,SizesTest#testFileSizeLimitWithFakedContentLength,3,1,0,0,0,4,1
00301,SizesTest#testFileSizeLimit,2,1,0,0,0,3,1
00301,SizesTest#testFileSizeLimitWithFakedContentLength,3,1,0,0,0,4,1
00302,SizesTest#testFileSizeLimit,2,1,0,0,0,3,1
00302,SizesTest#testFileSizeLimitWithFakedContentLength,3,1,0,0,0,4,1
00303,SizesTest#testFileSizeLimit,2,1,0,0,0,3,1
00303,SizesTest#testFileSizeLimitWithFakedContentLength,3,1,0,0,0,4,1
00304,SizesTest#testFileSizeLimit,2,1,0,0,0,3,1
00304,SizesTest#testFileSizeLimitWithFakedContentLength,3,1,0,0,0,4,1
00305,SizesTest#testFileSizeLimit,2,1,0,0,0,3,1
00305,SizesTest,5,3,0,0,0,8,0
00305,SizesTest#testFileSizeLimitWithFakedContentLength,3,1,0,0,0,4,1
00316,SizesTest#testFileSizeLimit,0,0,0,0,3,3,0
00316,SizesTest#testFileSizeLimitWithFakedContentLength,0,0,0,0,4,4,0
00317,SizesTest#testFileSizeLimit,0,0,0,0,3,3,0
00317,SizesTest#testFileSizeLimitWithFakedContentLength,0,0,0,0,4,4,0
00318,SizesTest#testFileSizeLimit,0,0,0,0,3,3,0
00318,SizesTest#testFileSizeLimitWithFakedContentLength,0,0,0,0,4,4,0
00319,SizesTest#testFileSizeLimit,0,0,0,0,3,3,0
00320,SizesTest#testFileSizeLimit,0,0,0,0,3,3,0
00320,SizesTest#testFileSizeLimitWithFakedContentLength,0,0,0,0,4,4,0
00321,SizesTest#testFileSizeLimit,0,0,0,0,3,3,0
00321,SizesTest#testFileSizeLimitWithFakedContentLength,0,0,0,0,4,4,0
00322,SizesTest#testFileSizeLimit,0,0,0,0,3,3,0
00322,SizesTest#testFileSizeLimitWithFakedContentLength,1,0,0,0,3,4,0
00323,SizesTest#testFileSizeLimit,0,0,0,0,3,3,0
00323,SizesTest#testFileSizeLimitWithFakedContentLength,0,0,0,0,4,4,0
00324,SizesTest#testFileSizeLimit,0,0,0,0,3,3,0
00324,SizesTest#testFileSizeLimitWithFakedContentLength,0,0,0,0,4,4,0
00326,SizesTest#testFileSizeLimit,0,0,0,0,3,3,0
00326,SizesTest#testFileSizeLimitWithFakedContentLength,1,0,0,0,3,4,0
00327,SizesTest#testFileSizeLimit,0,0,0,0,3,3,0
00327,SizesTest#testFileSizeLimitWithFakedContentLength,1,0,0,0,3,4,0
